textID,sentiment
1ecb27d443,neutral
8def14ecb6,negative
d8ab6dfc33,negative
a40a9840b0,neutral
9fd06d16fa,neutral
a2e05185c6,neutral
4dc7327dd8,positive
a8c7169a40,negative
f3ac3b70a5,neutral
7225190154,neutral
90b04358f6,negative
4eab89615d,neutral
d23b3d8a0f,negative
5c618e0858,neutral
ebe8f8516d,positive
a0778509a0,positive
3796daa7e7,positive
3c7d3bb4f7,positive
a540dbe145,negative
9c825ecb4b,negative
da416376a5,positive
1bc5ee4931,positive
476f9b7220,negative
f66476d213,neutral
5d76ce377a,neutral
f4b9c3b066,neutral
0fdd17f7d9,positive
8a60acff0f,neutral
078af0dd16,positive
0236a31bb0,neutral
4c29c2a392,positive
39f65ac179,neutral
261e064dd4,neutral
f0484a0f8a,neutral
7096e797f5,positive
88df00353c,positive
19be734f43,neutral
56a6f83cff,neutral
d7a6c26e66,positive
e3f761b95c,positive
26e4fa628a,positive
c8c3ef8aaf,positive
9f99fb6260,positive
75d3edbeda,neutral
8afddd5ed6,neutral
19c8924b58,negative
e182fdf4a2,positive
dfa12a52eb,positive
dc1a833e52,neutral
e039645e4d,positive
8b27dab7ed,negative
b507cce1a4,positive
23186e73f2,positive
7b10fe51a5,negative
24899d5bc7,neutral
84ecc180c2,neutral
2a708c3485,positive
04b61330dc,negative
3dab5c659c,neutral
26b7bd0e04,positive
6bb61f0267,positive
c774e791ab,negative
cbf87fcd46,positive
6712b0174e,neutral
09a7ff07ee,positive
80f12a2f56,positive
d2edadaabd,positive
77c01f0add,positive
7972133a6e,neutral
3daa9bf925,negative
3d465939ee,neutral
a1898e44e9,negative
08975f62a8,negative
fee2d997a9,negative
393519d754,neutral
05dd709038,positive
8b89deb1b6,positive
c2f663dfcd,positive
b988be367b,negative
1613b8b2d7,neutral
05ee6aa24e,neutral
021f8be6b0,neutral
41341f5395,neutral
f6f31ebdcf,neutral
3e3d67efc2,positive
b68026044b,neutral
44118d01e8,neutral
258ed281c7,neutral
3961e6973d,neutral
2c8ee886ae,neutral
0043706e88,neutral
c6a48bcc9c,neutral
bd36808ea3,positive
39348df004,neutral
1cbfa82e04,positive
4b6f08e92c,neutral
876ac096ec,neutral
ef3ebe4b6e,neutral
ff41981fe4,positive
c0db8835a5,positive
5b743fcc17,positive
3f4869a702,neutral
7280188899,neutral
e836da8cd9,positive
a002383b5b,neutral
b2ac8c9fcc,positive
b1b8c03333,neutral
5f3bde3bf7,negative
0274567d50,neutral
6e8a9b822b,neutral
c7d93aef38,positive
8acbf01666,negative
0a0e9b1035,neutral
c35f392086,positive
bc37aeaa2f,positive
823122597e,negative
e9e8135cc5,neutral
4e6f5b65ae,neutral
0432e21a96,positive
bbcd836382,positive
642b5ea30e,positive
567eaf266e,negative
1fdbac152f,negative
43e6d9aeaa,positive
c28465b668,positive
30ea165391,positive
6e376214e9,positive
eae55ee415,neutral
5f166baecc,neutral
4e1fc4b289,positive
354b590f3f,neutral
467593cbb0,negative
b154e83354,neutral
6176e2488c,neutral
9590e14088,negative
e9d758a224,neutral
22a3156283,negative
3d5c1ed21b,positive
5a64f84f9c,negative
b154ec432c,neutral
2bdcb46ef4,positive
d16ffd65a6,neutral
5f44c39180,negative
39ca6c87a2,negative
2b8f8b26cf,neutral
cede4f9185,negative
84477ead41,positive
b931353754,neutral
374384a4dc,neutral
3338b13120,positive
de75916180,neutral
72b3655419,neutral
e216faca02,negative
62f3074724,negative
16baf95861,neutral
aeb55e479d,neutral
cdcaac066e,neutral
96f3999235,positive
71e55a0300,positive
906a96d74e,neutral
1382929e20,negative
4f45d9a670,positive
03ff47fda6,neutral
4d45cf5931,positive
6f7235f0ab,neutral
42fd06c66b,positive
0de7050311,negative
65a56799b9,neutral
3a174147aa,positive
f41ad69adf,neutral
e4fd99e835,neutral
baaf138c58,neutral
01fb6a1ad7,positive
5733c8453b,neutral
7f8ceb5336,neutral
aa91d27145,negative
ff1462ff46,neutral
4273b2b1c3,negative
8fc8d9bd09,negative
73161cbf0d,neutral
cde664a518,positive
eb4da39f39,negative
6bb974430e,negative
05f8b149b4,positive
a119b51e33,negative
bc2f4ee602,neutral
cb9b52e9be,positive
a231d7864b,positive
d2eeeccabc,negative
7f3951027f,positive
9bc88bd949,negative
c501e02cab,neutral
18ed98243c,neutral
21f33ed71b,neutral
1d88f35dd5,positive
319be36319,neutral
1f581d48bc,negative
62e1a784c5,neutral
6f8bd2c26d,neutral
f7e80a4d74,negative
723b812315,positive
f020cc1ecd,negative
0713530017,negative
6a5ec7efd8,positive
42ee0e4339,neutral
6eaf827d88,positive
cfedf94a53,negative
5755368f30,neutral
c92c8cfb15,neutral
dcb8c622d6,neutral
de40356564,negative
35182a84b6,negative
dfb67f9f58,positive
3fe390dcc1,negative
c155efab1b,neutral
870c815228,positive
aaf0bbf7c8,positive
d978b7f334,neutral
4efc551b0f,negative
76cec7d4ba,neutral
ba56c535a2,positive
e4ccfc501b,positive
972107b366,positive
cc4564d473,positive
e6dd04089e,neutral
f5190367e2,neutral
f9a95043ae,negative
7e8b34de71,neutral
1e17b77d6e,negative
08763cf8ee,neutral
acb83ea44e,negative
ec63552551,neutral
e7b3960fa3,neutral
1ae1b5606d,negative
fc8efe7e13,negative
49b741fc13,negative
22766a7e2b,neutral
29d7104494,neutral
522f3ee2ae,negative
89e4eed832,positive
bf73147031,neutral
0f25882584,positive
d19ddcc745,neutral
f25010df3a,neutral
64810cb721,neutral
ebc1f6727e,positive
02006e6e62,neutral
db359564ad,negative
eadfbc1b72,positive
cb2f97dc53,negative
7457fa9f77,neutral
09227d0ba4,neutral
0acb5a4bae,negative
48b41c2f95,positive
5db94b9b63,neutral
87aa7c3315,neutral
ef389b4d71,positive
5bfc188fd2,negative
f490685a78,neutral
4f70a97969,positive
17e600f3b6,positive
1e9b8bf9fd,neutral
36bee46d4b,positive
8169af7ee4,neutral
9499e34212,positive
571e73326c,neutral
3ba9084efe,neutral
ce73b46b90,neutral
d18637ad68,negative
e651a2a287,positive
231f663202,negative
fd725c1a36,neutral
95a6c29dc3,negative
48fbbeab77,positive
86b7715bfb,positive
82630c2e15,negative
eaeef48b7c,negative
6e34e9c28a,neutral
87d43edc49,neutral
08849ca222,neutral
c3eb547008,neutral
2836821bce,neutral
b751f39570,neutral
39b5691a32,positive
89f565c172,neutral
e0cd486f0f,positive
2d5d4bf6ed,neutral
be0a927a80,negative
1a35c1eb9f,negative
0092c21828,negative
0aa1791075,neutral
bee59bb7d2,positive
3a3a1e1f1e,positive
c3e9745d8d,neutral
37b9a91393,positive
6b2733b1a6,neutral
f016774208,neutral
09ecc10f84,negative
4598e31e32,negative
fac523c9bc,positive
2fb2fc139e,positive
1fbde4de35,neutral
e9f642e50a,neutral
d4a80999ef,positive
1ec241a035,neutral
60da5f7f30,positive
dc5c8ff513,neutral
6b2dc78496,neutral
9cba8bf464,positive
47ec7c77de,negative
a0fc51cb4d,negative
2e850a4143,neutral
8427060c30,neutral
040d1d9dcb,neutral
132e051fe8,negative
f94af8cb85,neutral
dbb41be912,positive
d2ed2233e0,positive
c5fa126423,neutral
61ee079ba5,positive
c6e226f30f,positive
0d5009477c,negative
b034d03e50,negative
b91963e312,neutral
2831a7717b,positive
9413368866,neutral
143e8aebc4,neutral
9bf583dd17,neutral
32b2610c63,positive
1fc4902f30,positive
f0c5be2158,negative
dffeaa7330,neutral
ec9bce02a9,negative
63fd0bc986,neutral
4d352ca9b1,negative
f1c97d5bcb,neutral
48d27a58fe,neutral
4a0d92c598,neutral
98949b1fd7,negative
5d470d3192,negative
ae4860dc68,neutral
71c9975b09,negative
de99f08494,negative
4c1897aa51,negative
6cb043762e,neutral
d352c8ec75,neutral
6ecab08a38,negative
d25a8b5b1d,neutral
a6e6bb3154,positive
25bb13b1ee,positive
860b2bb70c,negative
48d1c69d94,positive
bb42a3cf44,positive
4eedf0a785,negative
92d7bd54cf,neutral
2736c303b4,neutral
0a7ecfa4a8,neutral
5c3d9c52f6,neutral
1fd542d088,positive
10da8bef28,positive
9266858b0e,positive
e04e0b8a0e,neutral
db07e1c8f2,positive
d10dc5c41e,neutral
f4622e59e3,positive
32bb7b3961,neutral
19cc8138fd,positive
e42f22608c,positive
f69a80cc7e,positive
40a90f23cd,negative
a4d98fb60a,neutral
855dc31191,neutral
f8ce4ba6de,positive
0d550ad6fc,positive
eda9b67235,positive
654de96a93,neutral
6499546bea,positive
e3875aa924,negative
60297b1b97,neutral
2cf37fe920,negative
501ae0d4e7,negative
c0aee991a0,positive
d388f4b3e6,neutral
e7ec3be194,positive
d218dfd8ef,positive
c991df8cad,positive
cfb0ab06b2,neutral
897025f513,positive
4bce2313f4,negative
3c664be4e8,neutral
4344cafbdc,positive
7bb43eca18,negative
83f805343a,positive
d965ea7618,negative
e7bc4034ab,neutral
ceb202ddff,positive
5715e8a9ae,positive
21cf770e43,negative
8ca499152a,neutral
491fcc6675,negative
7e6d76988f,negative
a1734e91fd,neutral
1adf377451,positive
0f53f62956,positive
41fd07f670,negative
3e9b8995b8,negative
cc0bc2a05d,positive
96dd04d348,negative
4c8db3926d,positive
297bc17467,neutral
6ce07361fa,positive
59e3ebdcb5,neutral
0995e44a56,neutral
dd666c5cbe,positive
200ffd4c5a,negative
ffe6fab196,neutral
739f26f87c,neutral
76390ef87f,negative
1e83aba60f,positive
168216a4a6,neutral
f4f97d8289,positive
8f041fea93,negative
c8113641f4,negative
754dbc1251,positive
23bd2618df,positive
771d1dbc22,negative
cc5a4ab96a,positive
d6d78b7097,negative
ba0fa7443e,neutral
69ee002874,positive
436b24fc93,negative
79d78251ef,positive
2a0af521de,positive
670bf744cd,negative
ec4e7f6aba,positive
562deae4f8,positive
02b39987e9,positive
8db855e309,positive
9f2e24129d,negative
0ae607ab07,neutral
50f6c44b92,neutral
1159cf1bcf,negative
f8b32c4484,positive
97af309513,positive
cf023b846b,neutral
e99c1276cf,positive
7d0aa849f1,neutral
d7260aaf20,negative
63ef622fd7,neutral
a341b1ab46,negative
4ce121e2ad,neutral
6b3c5d881b,positive
f305375e9a,neutral
37b3bf9cb2,negative
4e15d840bf,positive
216703ba65,positive
931fdca6ea,positive
38869d15ef,positive
5e4320f4a5,positive
a8b73cf5d5,neutral
bc931b2e59,positive
0330f844bd,neutral
2f3ff51870,neutral
53a59e7a7f,neutral
52712c7aef,neutral
6001d8d7ec,negative
4d586d5ca8,negative
ea086d4cfa,positive
f8fc5fe63c,positive
4714a183be,neutral
98ee2a131a,neutral
d31f708485,positive
05a1304b53,neutral
f69065d1c0,negative
cf80e6a4e0,negative
ca5909d8ea,positive
3139ac78db,neutral
0194327888,negative
88d10c8ddc,positive
05f31579f2,negative
79931bd7a5,neutral
7c843939bb,neutral
1251b166af,neutral
74eb9eb872,positive
4da3756f54,neutral
634ce8816e,neutral
589bb8f7e3,positive
3f33b8fd3e,positive
728d3d59d4,positive
86d15f120f,positive
0c7904536d,positive
da8fa808d3,positive
6d9316c18f,neutral
3fd1057ee4,negative
0beb972c15,neutral
49ff747ca1,neutral
e864dc53b4,neutral
c30043dfc4,negative
b01c96b216,neutral
3892687f15,positive
d445bf6b98,neutral
8db4d80318,negative
46de360d09,positive
d078973de5,negative
a53bc356c2,neutral
bb5ff3110a,neutral
df5c825929,neutral
cf30a8df0a,negative
06a80bb433,negative
b1e9db3db7,positive
e7659fc837,positive
023adc9806,neutral
1d568e14ea,positive
bd19a4260b,neutral
044d652e38,positive
7a73386700,positive
b87171a4f1,neutral
33210a71bb,negative
28e1248932,positive
5b1be33775,negative
a34bf825fc,neutral
fd68fb4b55,neutral
e07b4a40d1,negative
4e85f6e9b0,negative
cd74b1835d,positive
23ec28e7d0,neutral
15102b0d69,positive
ce1e980a78,neutral
bc3595417d,negative
12456985b1,negative
c7e58ae69b,positive
d3031fc98d,positive
c710c2fc6e,neutral
f7bb505276,negative
75357bd8dc,negative
d2da9db0e5,positive
d2a221697e,positive
5dbc76b885,positive
2b8089a5ed,neutral
11784322cf,neutral
d9107173c4,neutral
f759c898a2,positive
36265d722a,neutral
7406292103,neutral
756a6abdba,positive
181bc1ee99,positive
e75cfcc49a,neutral
9669c928b7,neutral
8cbb0f4bc1,neutral
3287f9c15b,positive
89e3307aa8,negative
9afda201ce,negative
ab4a849f72,negative
241a132a38,neutral
84e69a3f34,positive
ef8f79cae3,negative
5048e11fbe,neutral
cab560fece,neutral
a348aea018,neutral
f9c91c5edc,neutral
a25ea87900,neutral
8223259736,neutral
dce3164dda,positive
5c3831e16a,negative
5f5ef8ac14,positive
95809b0b7b,positive
bd856e42b1,positive
23e1f7dca4,neutral
5db4f576b6,negative
c29e6cf197,neutral
9e047ed52a,negative
6ad26f4e0d,negative
fdf1b79e65,negative
1a1bbddc5d,positive
842953e8a8,negative
52460306f4,neutral
1317531567,positive
533b05f261,neutral
99d787d063,negative
885441d874,positive
a7fc7285a0,negative
4d576567c0,positive
f54e05ae8a,neutral
d87e30dadb,neutral
faac0eff26,neutral
6206b9e0ed,positive
0f03d180b7,negative
515e62397d,positive
5b88ed7d49,negative
6cd11d3484,positive
88bbaf18a1,neutral
6ce851a2c0,positive
4c7465d015,neutral
6fe5e54415,negative
78a714e8bb,negative
be3e08e2da,negative
8adbbd33e9,neutral
2c3ef296fd,positive
2602539701,neutral
f2c63f0036,neutral
3766439f81,negative
c0716fb4a6,positive
bfd9acc676,positive
f433a31196,positive
4b38f22fb7,negative
b56c2694a7,negative
56d87a6494,neutral
7a20787e73,negative
7a02ca882d,neutral
f7c173a4f3,neutral
58b8194458,neutral
cb1b8ec90f,positive
7f91178253,positive
709df6a4e7,positive
013043510c,positive
91638a406f,positive
edec74f889,neutral
c975b2b6d1,positive
54db2ebee1,neutral
67cc48a34f,neutral
887cb446b4,neutral
55f3aa08a3,negative
4be4e6de30,negative
5751380d23,positive
3e6b71fda4,neutral
fd37d39203,neutral
21ceb02403,positive
2a8c3e6b51,positive
bf9d84d678,negative
fe8205bc15,positive
c345916798,positive
7b9faf935b,positive
e738f6af0b,neutral
748b7f7654,positive
add398ab57,neutral
fa78beca22,positive
29482e6966,negative
28e4ce73b7,positive
743b62f788,neutral
13f56e9956,negative
a881027b76,neutral
bbd9c7c9c5,negative
9ba59ca56d,positive
26cce7097f,neutral
89fc963188,neutral
7ba2bb1561,neutral
59de82ec28,neutral
dfcdcead66,negative
066a730dbc,positive
6ba0ee49b6,positive
c9d53a9127,neutral
b475878ee8,negative
fda8c135e5,neutral
cb4ca6a513,neutral
18f560f57b,neutral
0ebbfb4261,positive
01c6e1adf4,negative
95c725edb6,negative
4003ac8a4f,positive
1d4e4eaeae,negative
17b920af1c,neutral
02410922ff,positive
9c115b6fac,neutral
05d9f83c67,negative
41780fcc9c,negative
4012a68842,positive
a4ca62632d,positive
8ebf97bf78,negative
babb367967,negative
b5003ad333,neutral
c1885fae62,negative
900c3636cb,neutral
8e0a0ffbe1,neutral
25aa6711e2,neutral
be792705ff,neutral
6e2501758d,positive
e0b23e49c6,neutral
a13175162b,neutral
7c2f873a41,negative
bf123fdd66,negative
aca65143ab,neutral
9986499587,negative
c7a8ba6ed4,neutral
7b433441fc,neutral
d11c476468,neutral
b3c94a2af3,neutral
0da090c332,negative
0c55426e67,positive
185a9be434,negative
59ec2945d5,neutral
a53c829bee,neutral
07c6f766e3,neutral
863edfea8b,positive
6babb54cc5,neutral
ec895c12a3,neutral
d2bfcc0f02,negative
ef8f97debb,positive
e6620d2d33,positive
24d4fa8e2b,neutral
5ddd874f83,neutral
3e288df43d,positive
8b3f4dcfa7,neutral
667408fa8b,positive
d91a78658e,negative
8d6fb4185c,negative
b3d6d863f5,negative
fdfe12a800,negative
b9d9d64cc5,negative
7f69a1e5e6,neutral
324dc23455,negative
c086d6e230,neutral
266a175c94,negative
abad0bb1d5,positive
97f1c24d27,positive
13f981fa30,positive
2e21b2daea,neutral
e4f79c7707,positive
5394086c7e,positive
0b881e379e,neutral
0e0fdad9a6,positive
6e2d870af2,neutral
677ee39a64,neutral
d620074a4d,neutral
d5701ace41,negative
9801d078d0,negative
7047ab2830,positive
a32ab39ff6,neutral
1df4a18f20,neutral
7f808f9e05,negative
4e3e3b7dfc,positive
b0b69a88b8,neutral
ccecc5e63b,positive
6d260d19cd,positive
5eabb3139b,negative
24969fb071,positive
31d614d03e,neutral
cf7297c0a4,neutral
1f1c6455f4,positive
d176c09459,negative
97ea0541cd,negative
7fbc575d36,negative
7227bce3f8,positive
05c19e3bde,positive
27a14b89c3,neutral
2dde2785c7,neutral
abbd0db2a5,neutral
a9ebd5a36c,negative
631d6219e9,positive
5b65d15956,neutral
9a41081b40,positive
ccc67bee0b,negative
c55acd7f61,negative
a275019a52,positive
c25754e9ba,neutral
89fe24a49a,positive
7fb66b3ad5,negative
1121c78b0c,negative
d7c12af170,negative
95033b6de1,positive
9f38b5e487,negative
793705ea90,positive
dcb07389f8,positive
d306f01186,positive
0ab4ad43c8,negative
3a1ff015f6,positive
63fec8932a,negative
c7e80bd6e1,neutral
d883e319bd,negative
ccadc7885d,positive
51b5526327,negative
a1fc050e50,neutral
196dbfc937,neutral
cfbdec51c4,neutral
9a2ba41cb3,negative
93acb731c3,positive
cebf72f0dc,neutral
7bb5959eac,neutral
bec37a7c92,neutral
56afa0cc2a,neutral
702a8535a5,neutral
0a60343f49,positive
054bf4b3c5,neutral
5f7c41e2af,positive
535cf4afd1,negative
e6305a23b2,positive
6b2443cafe,neutral
49d2c6aa7b,neutral
5a64bba465,negative
57599d3686,positive
9083a50db0,neutral
004eb1e239,neutral
bf6bc50126,positive
5714d6ed93,neutral
5ea2dc2ec0,neutral
58b4ad0a18,neutral
83f9afe969,neutral
15d527d485,positive
9c8e56c60a,neutral
f09d561cf2,neutral
98daed54c8,positive
43112b250b,positive
9dd013a94b,positive
8964a7361a,negative
d172a626ff,positive
57e8b90fc7,positive
8eb3f2208d,positive
a8d58cc661,neutral
7d59c522ee,neutral
8f8f3ed38c,neutral
d178e9718d,neutral
b2bfbf4557,neutral
9fb39d3c8c,neutral
1939525eec,negative
804cf4d6f4,negative
2a9874434e,positive
5889cd0fbb,positive
76f29e1afa,negative
db103c86f6,negative
81b4bdfe51,neutral
64f91449b7,neutral
47b8dd8456,negative
b866aecd19,negative
87b89f122e,positive
5752133fc3,negative
b5b51f8ca5,neutral
958adfa14f,positive
5ef6cb9505,positive
0e0ea93f6e,positive
a717aca8f5,negative
393c3d5c7a,neutral
fd0d55b94d,positive
2fd2b15c10,neutral
eeda31dd3e,neutral
8ac971a53e,neutral
c9498178ca,neutral
29174d967f,neutral
06712e65d6,neutral
b89af87662,neutral
548556fb49,neutral
bca03c7d06,neutral
9655b72897,neutral
a4191a25c3,neutral
2381c40431,positive
9e55909005,negative
b7e7e6fcbf,positive
43a24526f5,negative
d207933125,negative
8e5bc8627a,positive
54ea13a753,neutral
c4680cbabe,negative
b60e0550cd,neutral
a6c5ca1cc5,positive
b642906cab,neutral
812f9f7dd1,negative
3578ec042e,negative
560f8abb1c,negative
5dac77c4b2,negative
f85f538616,positive
0d9c44bc7b,negative
6e0c6d75b1,positive
5dc49c6fac,neutral
31778724a1,neutral
e232412ae5,neutral
491eed2fe4,neutral
499d3f6815,negative
6280e77d0e,positive
23a7bb0d83,neutral
cc12d15597,positive
c8bcfff762,negative
d73a953322,neutral
4915c34def,neutral
577471b115,neutral
b69d9e539d,negative
ab609af607,neutral
812cf4be19,positive
f51b8cdb82,neutral
2d38fc1c25,positive
478bab6370,neutral
b81723c6ee,positive
02aaecbc9c,negative
2b0eeec3d3,positive
c841a7ad93,neutral
5457cc8444,positive
8109f290a4,positive
5a24827c24,neutral
c1cf043c84,negative
bc2b74c6d7,neutral
43708cfaf0,negative
b70b425ce7,neutral
400b9a2739,negative
b860826fd9,positive
e0a172bc68,neutral
bd69aed8f7,negative
9e951e5565,positive
becc5e7874,neutral
1be3837ac6,neutral
0569c90a22,positive
9d2a2a10f9,neutral
873faae537,neutral
8e13f7c528,positive
ce5c7c3e37,neutral
413dfb9c20,negative
a2f6c5cca9,neutral
e1c1201fbf,neutral
60684c8cf0,neutral
9540dad916,positive
ba9f75c8be,negative
248497cbac,neutral
2304b6a26b,neutral
fc25dd2f31,neutral
dd347b56a1,positive
59fa0bb3bf,negative
217f8990f6,negative
b730e95543,neutral
7e35fbd3cd,negative
a78ef3e0d0,positive
2a9acf4c37,neutral
e728bbb957,neutral
336d2bfa0c,neutral
4574ee1464,negative
b13fd5a164,positive
f782648201,neutral
f2737e9c15,positive
e7de0750f9,neutral
daac9b8406,negative
9bce9d9178,neutral
c10f52f160,neutral
fa6d581997,neutral
28b224abab,neutral
465a0bc799,neutral
77b290dd59,neutral
af0ac6b470,positive
71f03d8cd3,negative
dcf1e95b1c,negative
7116b24d78,neutral
b8285a075a,negative
503f1540e8,negative
c814365bee,positive
63642e38b4,neutral
c62590abcd,positive
ccb2f88d9a,neutral
b4fa2d20e4,positive
a1f6095799,positive
691f395bee,positive
fba62df79b,neutral
eab1c2c64e,positive
72e3305a2f,negative
39669e45bd,positive
17e119548f,positive
4148a10b84,positive
a0d93a9442,neutral
7a341d71fe,positive
4bec049334,neutral
b1f68dc810,neutral
aee14b9638,positive
354f35b0ba,neutral
61306b5f1e,positive
eedb7abe3c,positive
bc210897e0,neutral
9fa592037c,positive
db122f85bd,neutral
c19de2c75b,neutral
b435126470,neutral
49ec6f804d,negative
5a3a27dd6d,neutral
22195b1d09,negative
924d2c7453,neutral
d2a134423f,negative
3261fbf191,neutral
f314c3640b,neutral
195157e55e,neutral
bd38d58f43,neutral
3d03953cdb,neutral
2485ca29ee,neutral
09092e7e81,neutral
4642bda024,neutral
224211de86,positive
e3c06febb9,neutral
3745be2d1b,positive
95e45aae67,neutral
62ba17ea78,negative
969365e841,negative
f14d0140f1,negative
738cc3e94f,neutral
c96c82bebb,neutral
1343254dd6,neutral
ef5d5a51f8,neutral
d03b2a8c76,positive
f98a82bfa2,neutral
0b31b2a7ec,negative
2516254729,negative
5aebe0615c,neutral
cd8f6b6103,neutral
90fedd468f,negative
ff0d8560af,neutral
064802c378,positive
ffac07a79d,neutral
8d623622d0,negative
ad038d02b2,neutral
1dbe478001,negative
4d6e71e475,neutral
6b3295ea7c,positive
7a6dd87e61,positive
ab8d041ff7,negative
962855074a,negative
92dbb764e9,negative
77132d49aa,positive
2320ce957b,neutral
6860400eac,neutral
84b84a992f,negative
50356857dc,positive
52ffcf363d,positive
55a69c1bfe,neutral
a474238f03,negative
8feb90f81c,neutral
2d16f3c07c,positive
37ed7e29d6,positive
320d909cf7,positive
c2a4c6c3f2,positive
2c53b00144,negative
b7ba642946,positive
9009cd3ede,negative
cdbe4df131,negative
d723ea3299,positive
aa06c3a9f0,neutral
151d27a5ea,neutral
5d80bf1e55,positive
c2918e50b1,positive
6a3d85c9ad,neutral
9b0d10c5b9,positive
3aa7b273df,positive
63f54db105,positive
10700d7927,positive
86330a1846,positive
49c2233fd0,neutral
a34d594f42,positive
ba786311f9,neutral
43441faed9,neutral
2634d4c2f6,neutral
3eee471b9f,neutral
9578cd7fe3,neutral
3aa78c3e94,positive
20314ef0ab,neutral
312cd9c009,positive
868f498a67,positive
d4099e92e6,positive
c191ad4ddd,positive
6cd5fb5782,neutral
b036980390,neutral
fcda550d6b,neutral
909c58c494,neutral
6d2f7706c3,neutral
9ff9a80b63,positive
efaaf8f9dc,neutral
7a544bc016,positive
ea95be8d33,negative
4641062e9d,neutral
8fe0df98e3,neutral
59760341f9,neutral
db96a9611e,positive
8e1a36c2f7,negative
2762b6624b,neutral
042b4f8784,negative
29ffd15818,neutral
876c315516,negative
7e712d4496,neutral
58fc1eeef3,positive
8224b45279,negative
ece2b988f1,negative
48b10eaac4,negative
1d071c2226,neutral
a60aef7c1b,neutral
078b6686ea,negative
3f4e952c3c,neutral
a5bb6228cc,neutral
b732cd6641,negative
48b76ce5f4,neutral
c3d279cda8,neutral
e1f5989997,neutral
6d67a97c4d,negative
ddc208fbff,positive
1597b9831b,negative
c47421facf,neutral
729b96d486,positive
f1660e689c,positive
da6549f668,negative
95a9870181,positive
ccf70b3841,neutral
69ddcd6dfb,positive
a357e314cd,negative
7cadd0a40d,positive
cdb6743e92,negative
242fabeab4,negative
153ca0e3c3,negative
4dcd538cc3,negative
6a6665242c,neutral
cb60a0d946,negative
8140f3d608,positive
f01932eb73,neutral
900c5f5082,negative
be7eb6d1e6,neutral
492306caf1,negative
6891b6a593,neutral
9f51c335d0,neutral
fdadb26d49,positive
578ec67a68,neutral
ddbdb89b1b,positive
760c4e9790,positive
911670511d,positive
5a086658b0,negative
430095620f,neutral
a724e66bd0,positive
ce54016d40,positive
120b400e8f,positive
5d5c35a880,positive
285ee8574d,negative
02ed1e6556,positive
2c614b8bed,negative
887afb0d2f,negative
cb64f6d942,positive
637284bd7c,positive
34a47b5674,positive
902670de2f,negative
f0a9a55b94,positive
fcc9210884,positive
0f361614b7,negative
37a4fd00f6,negative
e69734c1de,neutral
d5655b6b30,neutral
c60a403476,positive
85b7cf8a0f,positive
d3f0c48744,positive
119b073916,neutral
8d6762c050,neutral
e97d6bd4ab,positive
135118b833,negative
3e424c5670,positive
dd215a071a,positive
44d6fb791a,neutral
c4f9792d55,neutral
126aa22396,neutral
f2fda0303d,neutral
4f2bece79d,neutral
124848e01c,positive
5e7bd5379c,positive
f93cc42240,positive
581a32fdf6,positive
7323f7136b,positive
9637558503,positive
6675f9536d,negative
92d7aaf05a,negative
edd2aceb1c,neutral
4486f18f71,negative
a44a46524f,negative
5bcaf5aa9f,neutral
c8939e589b,negative
c341d742b0,neutral
5552d4fffb,neutral
1bc2be7173,negative
2dec83989c,negative
add3a63b8a,negative
7a18d9d260,positive
a3f50ce6ea,negative
7814b04bd9,neutral
303ccaa660,neutral
936fd9b728,neutral
96d4adf794,neutral
d9c8a56a24,positive
e6d4c50e89,neutral
6f93fe06ce,negative
a34556d35f,positive
7d2ea67b66,negative
6d72077a93,negative
6af2e23e1c,positive
6de43d0ce5,neutral
ab1061aa7b,neutral
ddc170fe0a,neutral
1ab3877a8c,positive
b7c00f3a76,negative
bde2b0df21,neutral
f2240006f4,positive
75f1db00ca,negative
5003cc704f,positive
35e24f0ea7,neutral
13e1519ce3,positive
c3f28c34c6,positive
11fff26b21,neutral
c2455ce40d,neutral
629a6891db,negative
0d33871c93,neutral
d289b59f3c,neutral
8da6a35478,negative
6bafcadb49,negative
0e072d86eb,negative
988f750019,positive
e9b989afae,positive
fc8e368a72,neutral
1458d54f02,negative
97f5446019,negative
a452d71fc8,neutral
0f8195c613,positive
33c3801dfd,positive
6f5c5840c2,neutral
6e107d7724,positive
a637a8c594,positive
cf59390a61,positive
939cbd9cea,negative
12e1f64294,negative
c9c854adc8,positive
4131e5218b,neutral
c8dfc591ec,neutral
1e7e636278,positive
4da565fddb,neutral
1cd56df654,neutral
5c39fade50,negative
403815a3ed,negative
bb49677e04,positive
005a314b21,negative
868c3be37b,negative
87e4d6ee0f,negative
96204d3a64,positive
551461ea1d,neutral
cc7aa351ef,neutral
f107dc44fe,positive
ac3e3b4605,positive
201ca6383d,neutral
a27e6d1054,neutral
410b8df2b5,positive
a00b2b3fc0,neutral
bfbd1996de,neutral
1d37d45df0,neutral
4fc2f6c6bd,neutral
f79806e09d,positive
9fa91c181c,neutral
62c8866334,negative
a7b2b3ec1d,neutral
ea0328d144,positive
ff26920ecc,neutral
6c67f0c9c3,negative
da08c42b54,positive
3773846bc3,positive
d4f47f10dd,neutral
f42519543f,neutral
03328a301b,positive
5cba1be393,positive
6627c3ad66,negative
7a59c602a8,neutral
eca1234693,negative
7e43bd056a,positive
57342ea5db,negative
b4d63a88fa,negative
2dc0bc1ae2,neutral
2bdb19ccd3,positive
fa7f01e7b4,neutral
f763af7a90,neutral
faac38cfe2,neutral
8cd15600d6,neutral
ebede9a734,negative
4a65bfb832,neutral
5852a1a637,positive
fc09ea40a4,positive
44a38ebc2c,positive
f69743df17,negative
d46919e9b3,negative
ee51c20f18,neutral
1f9e2bdd81,neutral
4e686eec94,negative
47c9f9a8e1,neutral
85753403d0,neutral
9d92e249f8,neutral
d641e83ab0,negative
17e6c97023,neutral
d5d3fc0a59,negative
757b11e355,negative
7d770c7bd6,negative
dbe30a5f44,negative
9fdbbae837,positive
655659de18,positive
47c71a706c,positive
98473b3aa3,neutral
0903386a1d,neutral
629b112918,negative
d17022a3bc,negative
1d9c6a757d,neutral
b30b442df8,neutral
eb57b657f0,positive
49e42c368b,negative
ce0eb5683c,negative
6173fd7c2e,positive
6ff3e6b63d,neutral
5f5edcf6eb,positive
f361ff21b1,neutral
d6fe273ce4,neutral
88ab001449,neutral
1ae0bf389e,positive
d878cf0cb3,negative
ee84bed83a,positive
245c78cb37,neutral
0ce2ead3ec,negative
c33f6f7215,neutral
1755ac6065,positive
1c5231d04b,neutral
13dcb0f346,positive
ed01460fd0,positive
ece42636bb,neutral
77b1f297a3,neutral
4af640d32a,negative
9dd2edd0fd,neutral
d3230b7cfd,neutral
5ac2dda95b,neutral
a6adde8a33,positive
0d5d742d4d,negative
2f3ac07330,neutral
d75b9c1f77,neutral
e11ef1c5a1,negative
4848c86ad8,neutral
0f8a7527ac,neutral
9f31e1831c,neutral
8283f525c5,positive
923f8c1b23,positive
cdeaa93be4,negative
cdd32ab588,positive
aaeaa5c0b5,neutral
ac263ee536,positive
1f27adbaa5,negative
708e67409c,negative
6d9423af3e,neutral
19227404ae,negative
4e0e71535d,neutral
52b498118d,positive
abce60a6eb,neutral
0dc96823d3,neutral
5dc85811dc,neutral
04c436d528,positive
e6ba90afab,neutral
743691574d,positive
13c9f02a06,negative
e79cdd9bb8,neutral
54591b7521,positive
fd762e3047,neutral
5fcb9e73d9,negative
ba2e7a1ac1,positive
8ae682a99a,neutral
a0577362f6,neutral
57a7111115,negative
60aceb4db0,positive
b6fc2f3af3,negative
91d6223051,neutral
77c3844210,neutral
577bd1ade6,neutral
dffc4c62e1,neutral
6c11ca9bb9,positive
5bc318f14f,neutral
4ade066ad8,positive
5f5bcf5f32,neutral
dfe207079d,negative
7e1ee83e72,neutral
ff207f2540,positive
b28ae54c5c,neutral
f80564b6f0,negative
4d4fceb7d2,neutral
49d6a06d0c,neutral
d8312c3d2c,neutral
6903cb08f2,positive
023bdd23e4,positive
392d1985b2,neutral
ab3885078c,positive
c58b2ba46e,neutral
e1fd4cf2a7,negative
414fad1ccd,neutral
1d44fe87e3,positive
f8df13b212,neutral
11fe381c8a,neutral
bdade388fc,positive
81acf49030,positive
778f083ae9,positive
b717dc7e0e,neutral
b715f53f42,positive
27829f7178,positive
5be9c146a5,negative
c79e8c6f71,neutral
aea870d68c,neutral
ddae59d08f,neutral
7418edf469,positive
1ddb250d8d,negative
5d51c85bf9,negative
6c5103a4c5,positive
92a6b5016a,negative
8bbda7677f,negative
28d3a8aef0,neutral
3e6cc1a2d8,negative
3949b72541,negative
fd570efa13,positive
48862453f0,negative
3de7a2f5fe,neutral
7f27f975af,negative
77f7e59066,positive
a782692a57,neutral
adb113b997,neutral
90fea7e19b,neutral
7a3245a6a8,neutral
6b064ca919,neutral
494a81a478,positive
f1c5fd1213,positive
eda7c8ba8f,negative
04d9293c2e,neutral
b0794b5a7e,negative
5142407755,negative
0b704e3a6e,positive
f737ba1116,positive
e59f2dd774,negative
ff84fbc83d,negative
25bb6325fd,positive
31ac5826e1,neutral
295fee573c,positive
750749d8c9,negative
e47de482ae,positive
11ef1f74dd,positive
0d64ba9efd,negative
d6d9a3d7af,negative
297658805c,positive
b4e0af0496,neutral
35af795ce1,positive
6213c6aa27,neutral
36f2676006,neutral
2b603d3169,negative
4dbc53fce7,positive
ad909cfc04,positive
3d64f2c8ae,negative
490406641c,positive
6250f7203e,positive
e8f48259a8,negative
5bd1a6d051,positive
6a3bf13772,negative
981713769d,neutral
cba905f962,negative
326f2265dc,neutral
f1125b5152,negative
1760ca7893,positive
cfeb6d29cc,negative
2f561da8bc,neutral
c22ff98d0e,negative
d164728f94,positive
d78aeb107a,positive
7ed43fb65d,neutral
82b813755f,negative
38a6cb940a,positive
66b02ead15,neutral
ad9861c440,positive
70fc5450b8,negative
3a4256c114,positive
abc334762c,neutral
62b2de6a93,neutral
60c700093b,neutral
1a41c7fa70,positive
518d16a67b,negative
29dac23fcb,negative
71314cdaa5,positive
223ee8eb20,neutral
cdcbcb989b,neutral
57eeab2353,negative
1a4f7e83c6,negative
c1970069c4,negative
1f641e94b4,positive
3eb7632e02,positive
6e56dd0373,negative
342fd88176,negative
01d5aeeac2,negative
bac04e8947,neutral
285b9bd0f5,positive
d92016105e,positive
b7a83b2609,neutral
13a1ae8414,positive
834e3800a5,negative
1ed849967d,neutral
77912f2801,positive
12b2e51207,neutral
7a60d63a34,negative
83221c463a,negative
bee22c2654,negative
b35daf9677,positive
188b9c7830,positive
43d6523b29,negative
4ab1715033,neutral
43334df129,positive
e295122fe0,neutral
3f74b6a935,positive
2e5f0145b6,neutral
7b7b2d792f,neutral
1b0a8cba9e,positive
f538b035ae,neutral
8fd0a37acb,positive
f1c20600a1,positive
27450b471b,positive
f1c0904a85,negative
9632c35e86,neutral
9e25e9b128,neutral
26149e0547,negative
c2fc42a9ff,neutral
d9a986cfee,negative
af562091d9,positive
dbc8ab6a8c,neutral
4f877f23a9,negative
5239da0dc2,neutral
5fca2e236a,positive
3c9a784f5a,positive
4c97836bee,negative
c3895e34db,negative
fc595e7eae,neutral
a4b0888da6,neutral
38fb8d60f6,negative
61cde7aa2c,neutral
692f5741d2,negative
8bf2931551,neutral
fcbf31b293,neutral
4e3a9d1c15,negative
67dd29837e,positive
1307397601,positive
7ec8b0877d,negative
506f3859f7,neutral
a279d174ac,positive
3d4144e04c,positive
40d56767e6,neutral
c0c9f36158,positive
e2dad0afa1,neutral
b6ad9e9b07,positive
6d2c23642f,neutral
6f606e6a00,positive
f8d28ed61d,positive
5ff9641dc0,positive
37425ece54,negative
808c128dd3,neutral
2f858c20c3,positive
cc5641534c,neutral
9a34fcae9a,positive
264518e88d,neutral
13341ce982,positive
dbba006190,negative
fea60758cb,positive
d8a431a00f,neutral
6e1004a856,neutral
c3d46bbb16,neutral
c32f599954,negative
f8cd48cda3,neutral
211b3ce6da,negative
2bb7bda383,positive
2a381bb204,neutral
b4927eca78,positive
4c1a9acc22,positive
b52177ee62,negative
04d4c83373,positive
82cfcadf20,neutral
f235ea0431,neutral
dc68d2f698,positive
e2de1bcf70,neutral
e08dad262b,neutral
7c17aea36e,positive
2543065d78,negative
b5766f00f1,negative
2796cba1cb,neutral
fbaca7805c,neutral
3696d1db81,neutral
febe6cf2df,positive
c336b00b07,positive
0e533abdae,negative
12269a83f3,positive
8bf326b4b1,positive
4d5244c2e1,neutral
12cdafc3e3,negative
ff4e554bc0,neutral
8f6b4a4e60,positive
06e9a74ff7,negative
85df8f261a,neutral
6a0c150423,neutral
dfbaf65801,negative
2218051218,negative
7c79d9f42d,neutral
b73bd70b63,negative
ede4721177,negative
2c2360468d,negative
7d03216477,positive
175ba4ef80,positive
525ab9017e,neutral
8a16f7dd37,neutral
50f928420a,positive
2e52a6f7ff,positive
4541e7217e,neutral
16b4cae29a,negative
38ff378dd7,positive
90944c6528,negative
5270da20ff,neutral
17f4b1d5d9,neutral
ea1dea9f05,positive
fb809d9089,neutral
9d1dda4962,negative
5d917baffd,neutral
d61920978e,negative
3d8e8979e4,neutral
a1eac19edc,neutral
0f5335f2c5,positive
74ca409c42,neutral
880447db22,positive
78130aa4fc,negative
82f88a3667,negative
413ea757e4,positive
32e0d873d3,negative
9abee8d4e9,positive
33f32a6832,negative
cd0f1242dd,neutral
9009bc887b,negative
047892c4a4,negative
52e0f1f09a,positive
a779984508,positive
4b289f721f,positive
66553340b5,neutral
580b62bbfc,neutral
26ff75490f,negative
b17c89d51b,negative
47fed1bfdf,neutral
e9d6e37aa2,negative
58351086b6,neutral
1f51b1de8e,neutral
bc82058fb4,neutral
925edd84c6,positive
91bb6abfbc,neutral
d1101dce96,neutral
b61b7c4098,positive
73a87769d2,negative
8ca6f8f0fc,negative
e0606803af,positive
5512695d36,negative
3e4b3ec6a6,positive
1789d4f95b,negative
498b85271a,positive
4bd7d47e62,negative
3662a807e1,neutral
60bbcd57ef,neutral
d7210c0de1,neutral
320d33101f,positive
9d05a89879,negative
2970779b85,positive
29afbab19c,positive
12e07abeaa,neutral
1024862c1f,negative
fbc44d0924,neutral
cd250da7d6,positive
e96b7ece65,negative
673f64d8ef,positive
8ac49207e1,positive
3e49b93467,negative
f15fb4679e,negative
addb2adf93,negative
87e048124e,negative
afb720dc09,neutral
ba3b4be4f5,negative
b00c0df7e2,neutral
9f4dab6150,positive
a64cb1a714,neutral
bd593a70ba,neutral
eb67f7d7d0,neutral
d8977abcc3,neutral
5b2e555419,neutral
a7876c66da,negative
5ab16f3164,neutral
18e3628233,positive
d31060a0d9,positive
52083d8acd,neutral
e772bc694c,neutral
f3e302a52d,neutral
3cbc1723cf,negative
cafc8d4e17,positive
753fdceff4,neutral
585d49be9f,positive
6b59df5c9b,negative
cbc5f36800,positive
6c5505a37c,positive
35cace50bf,neutral
892bd5ce3b,neutral
6ad8e3c8e4,neutral
053fc34680,negative
60648d6ba4,neutral
ba44eb7f2d,negative
85040fe8e2,neutral
92a3bf4cfb,neutral
1433f8c1ba,neutral
7e75681229,negative
5593a8341f,negative
66c610f2fa,positive
f7904730f7,negative
ea4e147dac,neutral
9f3d5f25e0,negative
333b617776,positive
dcea82cc06,negative
6fc3234fde,neutral
63009bdfac,negative
1bd114c455,neutral
81a83e8d9a,neutral
8acedd6cab,negative
f0c1601d8b,neutral
013b686a0a,neutral
72bafdda6a,neutral
22287946b8,positive
8ac81eb024,positive
babf4b1bda,positive
5000ec4a54,negative
3611ede525,neutral
2c7965a544,neutral
b8ba2e0d51,negative
9db597413a,positive
29fa1f6ee0,neutral
758a1edf62,positive
ef200df027,positive
ce7f8a5210,positive
4884fe65ba,positive
7c5e0e1793,neutral
dd75a492d2,neutral
b7c87c6d33,positive
7908571329,negative
f043c14a94,neutral
b867858e93,positive
3737e67016,negative
2f4647bf36,negative
6122e9ce9d,neutral
9b95aa128e,neutral
18b107a0c8,neutral
febbdb2510,neutral
34b6e311bd,neutral
cf5fa88696,neutral
bff6ad3420,negative
ff07fdb5c3,positive
47810d8bde,positive
eabb71a3dc,negative
e27e0e5453,neutral
edb2d20a13,negative
cf0e868f70,positive
781d900e89,negative
681513d24f,neutral
7eda6f9535,neutral
e941b944d8,positive
fe01ae49de,neutral
e9f7e8c0a2,positive
981f69a401,neutral
c1fd0d7ee0,neutral
8919a7af68,neutral
ad59f9f17d,neutral
e56a579576,negative
3889809fc3,negative
84e3932e11,positive
ccad855a31,neutral
66a93bc52d,neutral
c527522d95,positive
8f5d269520,positive
79146cee98,neutral
1d6411e9dd,negative
5e0be1fa8e,neutral
37c9db3923,neutral
87967559b7,neutral
d4425c062d,neutral
73863be445,neutral
0effd702f1,positive
947398994a,neutral
d09b53130b,negative
751983d6dd,neutral
7311789bcc,positive
4464eaa598,neutral
0ab8f9c4bc,negative
6a119b9630,negative
4e6a5c0034,positive
bdabd36e3d,neutral
afb011681c,positive
afcf08a2d0,neutral
c95a7e707c,positive
e572df8b9d,negative
a2d355295b,neutral
0460f2c05b,neutral
4c8b993f7b,positive
c785c9e429,neutral
187ab88e86,negative
aca672028f,negative
3c6ad9eefa,neutral
c6cf9979f5,positive
04b00763ff,positive
0746994570,neutral
8ade491ee9,positive
492624d1b8,negative
de2f813c3c,neutral
cee5059af5,positive
b070621cae,positive
ea5cdc6030,neutral
75194b7e8b,negative
9e925084fe,negative
cde06ba878,neutral
9b2f24abcf,positive
b7083c7283,negative
56a2b69b74,neutral
5e4f7f4311,positive
6f328e5f24,negative
092bb0deab,negative
51b24e0c02,neutral
1d10473fc1,negative
824aa064d2,positive
c00d3028ce,neutral
76dc12a6c3,negative
05bdfb2daf,positive
e0449518b0,neutral
83ea91fe2c,neutral
efa3d5e473,positive
a7c665c91e,neutral
2b945b9f57,negative
388af20705,positive
f854b71b06,negative
f975278452,negative
85453272a9,positive
c529737091,positive
df1bbb62f8,neutral
9c7cab107c,negative
d7fa220244,neutral
4349a49444,neutral
2d43263be0,negative
a28a3e7b86,neutral
fc8b4e690e,negative
11b9527334,neutral
df0835f667,positive
2725e91f3d,negative
c3abca2045,negative
634c1733d6,negative
a2fcd3e2ff,neutral
2ffa136acd,neutral
b0a00379a7,positive
7d57d5fe91,neutral
4d22ec80fd,positive
ed167662a5,positive
b5d0afccb2,negative
1b8d6973bc,neutral
cc07ca95d1,neutral
031cf55c6b,neutral
7007795ec9,neutral
2a8024e414,neutral
6d6391cb8e,positive
4c279acff6,positive
9432091e03,neutral
c7350d0f8e,negative
e17ee2bd79,neutral
58e3269ea4,negative
a6ddddddbe,neutral
2ad9cd5c92,neutral
b603c3561a,positive
b3edc4f9bb,negative
9327aa5881,neutral
6187121db2,negative
a841363ad3,positive
d703cd3563,positive
6f4dd292ef,negative
1794a6c4c0,positive
cca69edec6,negative
c20f4e96ce,neutral
e3bda219ff,neutral
bb2a527cb9,positive
8ab49e0790,neutral
6fc523d6a3,positive
1f691878d1,negative
a5b07eff7a,neutral
112a5320b5,neutral
2d27d6cb0e,positive
b807c99b4b,neutral
5ca4fa1298,neutral
8732e4522c,negative
454efa3d41,negative
7b80a5ad6c,neutral
d486d0ebdc,positive
ffcc809783,neutral
2e4518a318,neutral
773ae618f3,positive
ba7f7e4d00,positive
7d85365781,positive
ea113179b7,positive
63c37a49f7,positive
bf932d2533,positive
efb8b1805f,negative
8c5f798dde,neutral
7e26065fff,neutral
a0a3065378,neutral
5aae399456,neutral
f7743c41d7,positive
1698dbc236,negative
a8aa416961,neutral
6a3ade71bb,neutral
189ca81ed4,neutral
ae02c0e0b1,positive
c6bf7c5635,neutral
36e3e0d87b,neutral
71fa625813,negative
864eadcbd9,negative
04ff36b879,negative
59aa18c798,neutral
981fab8e92,neutral
ae617bacb1,positive
770c8cb541,neutral
8edef35157,neutral
6410d31bbe,negative
42385b0ddf,neutral
0207c41847,positive
bf9927af4c,neutral
0b9683bd22,neutral
d7d4f4e897,negative
71d78dd6c4,neutral
76564a9a45,neutral
626d6a1d79,neutral
f7f69165f0,positive
2785cfe292,negative
32354992ca,positive
646c6efbdd,negative
322d0c3ddd,neutral
3289b3a9a5,positive
395a5c0c9b,neutral
0d5675cb85,neutral
b26deb5da5,neutral
5aa5003df5,neutral
bb6bbbc15b,positive
4f43821b72,neutral
3c3b471263,positive
8e7d8d2a14,negative
e721757713,neutral
cfa79ad5e9,positive
e4906c30ba,neutral
0addccf1b5,positive
9ac119f2d2,negative
36e5ad4719,positive
1cc39a6797,positive
9bfbb2c299,negative
60c30e4bd8,positive
86f51a6e6f,neutral
646a2866e0,neutral
b32f724cc9,neutral
4fe8d469b8,neutral
df8b0a5876,positive
603641a514,negative
d9c836bb8b,negative
14cdd8f66e,negative
f30f137d20,positive
ead9e24947,neutral
b56024023c,negative
876ba674c9,neutral
3adfb85ae8,positive
8074eded04,negative
e4cb8a6252,negative
adeb98adaf,neutral
54111024e5,negative
33f1ac2021,neutral
13826b6ec5,positive
641c23fb92,positive
ab2ff47163,neutral
091279a25f,positive
6972e131a2,neutral
1f071b53cd,neutral
75868c64e0,negative
add1c95bee,neutral
4c8d61cfd0,negative
13db91abcb,negative
43b42b08ef,neutral
5b25dc3a8d,neutral
f5c4c8ef81,neutral
a4bb6136b2,negative
a0235f0820,positive
82a14209a7,negative
bfec13895e,neutral
c0b0c01f67,positive
e6d9698c42,positive
2f7e6b1574,negative
ae5d6085dc,negative
2b6017f8f5,negative
1ecb8b0f6a,positive
8d310ad3e7,neutral
6f6f3a42d2,negative
37d1afaad1,neutral
7535337013,neutral
a550cb0ff9,negative
0c61d2393f,positive
f6b46665e7,positive
0b09f12a98,neutral
8af8378d17,neutral
d64016978b,positive
16fab9f95b,positive
fac8f5cc3f,positive
993ed46c7e,neutral
082eeaecce,positive
84419da5cd,neutral
d1656f1b8a,neutral
5135d17898,neutral
c05ea7e99d,positive
8fc93f5936,negative
0a19903154,negative
6f61c948ea,positive
0fb72945f7,neutral
510166e996,neutral
7624520ec2,neutral
4efc7222ad,negative
ba442319a3,neutral
b3157ffa60,neutral
168e8f6bc0,neutral
0ff1b75e96,negative
dbc02fbb6f,positive
cdeebe5d5e,negative
987d444425,neutral
dc211ab61f,positive
9262efebd5,neutral
03c0a20b7a,positive
43af9e6c2b,positive
b0d49051f5,negative
3ac5c17dda,neutral
b5454503fc,positive
3a58fe626c,positive
946f23739a,negative
efeaa7155e,neutral
32aa43f89f,positive
82831e923c,positive
0de1f57073,positive
67beae3c7f,neutral
9d2cffd953,negative
8aaa611acc,neutral
b41b91a95a,neutral
2416dbd0dd,positive
039547e4e8,positive
dbe1d16b29,neutral
01b880087d,negative
10b2a14840,positive
95ab9c3364,positive
8a79072ca2,neutral
05aa067b65,negative
8ea600eb9f,neutral
f3ee466f12,positive
82d5014d1c,negative
89b7714860,neutral
878506caf2,neutral
af3ef576ab,negative
0f0206e14d,neutral
122f0261dc,positive
d7922ee591,neutral
1de4055802,neutral
cfdbb7f29e,positive
b087af5ae9,negative
ef2ccb6b14,neutral
ac0b987e8a,neutral
81a3ade0a2,neutral
153329eb1c,positive
65a93189f7,positive
b876789255,neutral
e5b8fcfea8,neutral
6c433d002f,positive
9cc5a9f2c1,positive
f393e46a24,negative
c54fafc423,neutral
9c424dc32f,neutral
ba1cac8f6b,neutral
d9b5dafc96,negative
b95bcbc183,neutral
6c92531480,negative
fd4e4be626,negative
894e188d01,positive
d35ae85ac0,positive
8ef82a4c11,neutral
444edfce2d,positive
0523856194,negative
9b6be98399,neutral
6b4f5aced4,negative
cac8586e77,negative
11084dac09,neutral
db66864b40,negative
1377ef2ae4,negative
242766da2a,positive
7c161cca52,negative
ac164fffd5,positive
10f3ccaa11,neutral
df34c5a6a5,positive
0b9cd4686c,positive
fda9fd304f,positive
69640a2027,negative
7ba102ebb3,positive
97cc49b422,negative
fe99f6e3a5,neutral
f75ecd3315,positive
f660abe5e2,negative
701f05eebd,neutral
16947b5a23,positive
088c60f138,negative
3bd1a4ef88,negative
0d4aabd4b1,negative
5f9b6eb560,negative
a8a3b9384a,positive
60863476b7,negative
3050f6f5e0,neutral
a210e6f2d9,neutral
6ea3693282,positive
d072014323,negative
a8531ac45a,neutral
865244d92d,negative
833944785c,negative
4838a2c745,positive
4d4c12fca4,neutral
aa3b4edd5e,negative
41cff9bd12,negative
93c1545823,negative
c0e97b1036,positive
c8a860ed0e,positive
72ee4a3503,neutral
efa546635f,positive
154f2174b3,positive
1442cbc18f,negative
5ab5ca184c,negative
cc5639a1aa,positive
6b9540d112,neutral
088ed77c3f,negative
5b2d79e3e0,positive
8f4cb287be,neutral
1c33228326,positive
67372406de,positive
0321cdf978,negative
3eb177fced,neutral
bcec654c69,neutral
bb291cbf95,neutral
d40568560a,negative
62acdd8ae8,neutral
5a18a30b55,neutral
263107d340,positive
b0495c5087,positive
8d73a2b693,neutral
c4ab478a7a,neutral
8dc02b52a7,neutral
0b4256443b,negative
929ed1a04d,positive
4738b2a583,neutral
7132ae3a58,positive
fdac594a05,positive
647f5934e4,negative
5498e0a2fe,neutral
fd13a24d43,neutral
d8e2bf0d76,neutral
1d6aaa9f59,positive
2d003b7d57,neutral
04988b9aa6,negative
5d905b2eaf,neutral
b7ea6e1db5,positive
06e1506ee8,negative
a64b492f72,positive
d38f977f51,positive
a4574c0cab,neutral
515f4c5c4a,positive
a3c4ed6c37,negative
ff7734a983,neutral
00efeec9d3,neutral
8c39c60f4c,positive
c7922d750d,neutral
99ebcb0229,negative
2baed22b29,positive
52f3132153,negative
3a070ecda1,positive
5dd285d847,neutral
04f60a9213,positive
ef2800f3fc,negative
7baccbb14f,neutral
50e701088d,positive
c9ac4056b1,neutral
1c21fc2a7c,negative
635fce8da9,positive
c44a0beb42,neutral
5c9e1891fe,positive
49a1e47abb,positive
2d2b117213,negative
456bb27d57,neutral
3f94e09817,negative
361371d376,neutral
eef641b862,negative
1d779830cc,positive
ef4256f749,neutral
56cf13b2e5,negative
0264755407,neutral
9cea7b2928,positive
454829e8ff,neutral
ca5c407ca4,positive
cae4719603,negative
668e026593,negative
2d4944b8ef,negative
085f5b591e,positive
d3a198f0b0,negative
475c808b17,neutral
7f1d2525ba,neutral
5f62fdce13,neutral
64794cb0a9,neutral
1f1e19b223,positive
4644f380ec,positive
cdd73f9bf4,positive
5d1b0c48eb,negative
4e2794c404,negative
1b593b19e4,neutral
acd7baeab3,neutral
9b67b05a3e,positive
ea59c43f43,neutral
a53ad84961,neutral
ea91e5a7ab,neutral
5c99b0eff9,positive
2df6515c88,positive
4062b0503f,positive
f7f8ea9724,positive
48d8087f95,neutral
04529e9444,neutral
e41ae07da9,neutral
84f6b89fd7,positive
e0344c471a,neutral
412296c6c4,neutral
9453252016,positive
aa97eca66f,neutral
a8a46f19de,positive
b348304015,positive
4f6b25d5af,positive
73fb731c75,neutral
c775329507,positive
a9e033d39c,neutral
7591c0b0b9,neutral
90ea5339ff,positive
1c22e71e87,positive
5c50f92c28,neutral
f11836c030,positive
48037aa2e7,neutral
6c994185ed,negative
cabdea54e4,positive
1eee3222a9,positive
abc7df8d02,positive
fc0e7ea470,neutral
6d694ff7c1,negative
9e9a89a2d7,negative
7105615335,neutral
65be71e57b,positive
8401d0072a,negative
47dae4cfaf,positive
76edbb1539,positive
af7b184860,neutral
aa8020f349,neutral
b8c8fa0332,neutral
d43394a352,neutral
38184ee5fe,neutral
713d1fbf1e,negative
6d2cc126e0,positive
28d757d511,neutral
b768042646,neutral
4052e72ea7,negative
5386764f06,neutral
775fbb2863,neutral
04100a8743,neutral
ec3201c4b0,neutral
79764a87b3,neutral
dfeabfe450,positive
f82c9ce2b7,positive
3e61dc8b4e,positive
c4c305babd,neutral
2a806d99bc,positive
6dd75a5d42,neutral
db7dfbc482,negative
a5d6a317fe,negative
f3d710af24,neutral
957efc19e8,positive
1f4e30c204,neutral
09c18060c4,positive
f8b1806535,negative
99e110f2b5,neutral
0a61cbf4b5,negative
9c2c176eaf,neutral
a2b5bb22ad,positive
9dae588aa3,positive
de2af3c3a5,positive
df123e0ba0,neutral
6f3818a39e,positive
7a613ba81b,positive
86328e1b5f,negative
5e5c116bf5,neutral
8e1182a1ee,neutral
31f8b8db41,neutral
23b8ac0826,positive
978068a4d7,neutral
4d5bbfeddc,positive
08afec628c,negative
72edbb4f6d,neutral
dc6849db5b,negative
257b022af1,positive
3b1c7ecca2,positive
ab1368e993,positive
cb3ca1167f,negative
3696933f3b,positive
89a112a6e7,neutral
54477f9f5c,neutral
d772d3838a,neutral
2b0824d835,positive
258c3b7c48,neutral
ef2ab041f3,positive
3d309d0f6c,neutral
bd3539892b,neutral
df54c36011,positive
80a0a9f2aa,negative
94cf8218d6,neutral
05e15c27ed,negative
802111a3ac,positive
84ca20505a,neutral
60c947090b,neutral
8e6ba09a14,neutral
971c1e314b,negative
dc81e11270,neutral
6bba94d225,positive
48a317e32c,positive
32480c3c45,negative
36a9ea2842,neutral
7bfc1b7338,neutral
be98303d36,neutral
4b9b01895c,positive
e4e22625b0,neutral
dd8e956c58,positive
bb4ba81fc9,neutral
fcfb36a95c,positive
a61b26ff39,neutral
9784b9c375,negative
d3d29d9f32,neutral
f7637933f3,positive
ee109b3e82,neutral
7d0ba46dc7,negative
ade7b64fe3,negative
662815867d,positive
31018248ce,negative
c64c289b4c,positive
b5a9c83566,neutral
c179a2d3ba,positive
c7e8e03aaf,negative
3dc5deb4d3,negative
27ee482d09,negative
9849f2c929,positive
61fc9acca6,positive
994e152e33,positive
8d3f53c756,negative
86fb8984c4,neutral
51b8bfea73,neutral
0cf50d7da6,neutral
90c3226ac6,positive
aa0b50384c,neutral
833bcfd021,neutral
822a6a42da,positive
6afcfa170e,neutral
90671d19b8,positive
5328c72bfd,positive
e8d6813bab,positive
7c9c154e93,negative
e0bd0744d5,negative
545e12475f,positive
5f1c68b046,negative
8bc96643a2,positive
e87dd492ea,negative
ecc496d1fb,neutral
fdcdaf7a46,neutral
4354203b21,positive
eb1fc39ded,negative
ba62103b3e,positive
08b256927c,positive
69fb230b38,positive
b2fdecdc85,negative
336ca3dbe8,positive
e522456bac,negative
b6bf74a5c8,positive
0293e55c94,negative
f340792b01,neutral
90ad01d223,positive
db544f7400,positive
12b05ce33b,negative
8211642cea,positive
1a674ca5ab,negative
fbc0f03d51,neutral
21c2d1c2b5,positive
e8abb0d477,positive
5d43f2c9d8,negative
210b5fd002,positive
b11272b594,negative
8304982d5d,positive
8e1e8f03b2,neutral
64f8545fbb,positive
60fc6a5a7d,positive
e4a721ba63,positive
ebf9bdee6d,positive
06a4343518,positive
16daa66629,neutral
3a451a699d,positive
63b1f48a72,positive
e4e1bdbeb0,negative
92a62054fe,positive
32594aaef7,neutral
0abda8c9fe,neutral
a32ecc746a,positive
1ea1879617,positive
7e24aaac61,positive
05fffc63c5,negative
9cde1fd038,negative
8d548e722c,neutral
951960a629,negative
389fae7a27,positive
258742b130,positive
3e1c6b5552,positive
c5ef8cf10f,neutral
289b06b8b0,positive
97e05cba20,positive
81898a8b44,negative
fb705a311f,positive
1522043693,neutral
c94d1cb011,negative
da42c1e6c8,negative
288924f3b9,neutral
a5ab0d4fc5,neutral
e8ad6d96b6,positive
97e99b2e82,positive
c58dce817e,neutral
f21497fea0,positive
d081503cff,positive
fd7975b3fa,neutral
2f6d9d1419,neutral
f7c2dfa269,neutral
17a362db4b,neutral
f228818dc9,negative
67d06a8dee,positive
bd229715c7,negative
b35a729115,neutral
3d5d523e70,positive
53830b5e3e,positive
f3a5d47d09,neutral
1c943682ec,neutral
83e3ba4eb8,neutral
16b0e0e6bb,neutral
a71dd67cf9,positive
2891d2c99b,neutral
7961dd017b,negative
419f94af11,positive
c6f4db3b3e,neutral
0abe62c2ee,negative
cff315b757,positive
21b23c75fc,neutral
04f7a0b0f0,neutral
bd9e0cef04,neutral
7a0f49dddd,positive
941f21072c,neutral
1a38d972aa,neutral
3963c265fd,positive
3456a32027,positive
83c6461729,neutral
52acb273d6,negative
fd1c686459,neutral
f9147427db,positive
193909d380,negative
1f32a8f374,positive
fc18b7256a,negative
f19e9a5f07,neutral
14393f569c,positive
61c965ec89,positive
5829ed3e4a,negative
a551b7d76d,neutral
6d09b56028,positive
fc4caebc32,positive
7960586d30,neutral
df7b4a0686,neutral
828ec4d5a0,neutral
63b70ca836,neutral
54277afaa4,negative
4e6e3ebb75,neutral
1963a7538e,positive
dddcacea37,positive
accaa7f355,neutral
35469bc08d,positive
74165b8c7f,neutral
8e0d01bd84,neutral
f8201d31ee,positive
83508cf4db,positive
633b957253,negative
256414e53c,positive
ab0c9b04d6,neutral
e5b3486ba2,neutral
fe41b4a287,neutral
ff87d6fe69,neutral
6f99793f65,positive
beb4d5f6e0,positive
abad92a959,neutral
08e64c5400,negative
0167c461c6,negative
6b412b18c5,positive
e9f4bb31d6,negative
ae1d5afeb5,negative
aed0dfcfde,neutral
610f807443,neutral
05d3de22da,positive
f3b503d94d,neutral
1fbce7ad49,positive
2e2619841e,neutral
647b60358b,neutral
cbbb741406,negative
8395289472,negative
b44a0e4a37,negative
0c3c7c7bb8,negative
de0c8b3657,neutral
1ab146d8c9,neutral
76a2ce518f,neutral
986989bbf5,neutral
089d57ef99,positive
88cf7f7be5,positive
f302b6472e,positive
f83bd50949,neutral
c28e5146f1,positive
71ecc26c84,negative
97dd37ad53,positive
699bb2c9c9,negative
27137e8319,negative
70791caf15,negative
068182f90f,neutral
4591bce14e,positive
8c2214f7c9,neutral
ee8ee67cb3,neutral
162be2269a,positive
cd5989172a,negative
c7b0ae8767,neutral
0fe63f7521,negative
6f3908ca0c,neutral
36bcbee1cb,neutral
4a7043e753,positive
bd4755241d,negative
15297ade82,positive
3e0cca1c50,positive
5c43dd8dc4,neutral
5eb0e374b2,negative
5ab37ce023,positive
b2e551b292,negative
c5ec1e7875,neutral
313fc09dd5,negative
2d0a3b4337,negative
7bea7e2bbd,negative
171989cf65,negative
fc0ca41f2f,neutral
ecb18f6c94,neutral
a6dc534ff0,neutral
9bf21c82f3,positive
2060c50006,neutral
346755a77b,positive
a67c41f72f,positive
6eff3352d8,negative
d46552aad6,positive
c4630361bb,positive
bd1e4b2ed7,neutral
d4fdca51c7,neutral
d8aaf6be7a,positive
50478b34e4,negative
4892828dd2,negative
c9819b6c74,positive
644b710337,positive
4ceb131b3e,positive
0966857019,neutral
1e83e54b27,neutral
ccfd4e92f3,positive
1cc02097ed,positive
a35cc5f3d2,neutral
0bfe445bae,neutral
032d67ca83,positive
35720a5a52,neutral
d6851df8d3,positive
bcfd114092,positive
e944e54713,neutral
0ffe509e87,negative
60fa8ea66e,neutral
2616d11a17,neutral
2dc1b0abed,neutral
c37182a8e7,positive
b7e7e4bb8d,negative
8ca5ce7e78,positive
2a2fd0848d,neutral
faa934e9a2,neutral
0ba8d6cdb3,neutral
5fddcf4458,positive
bb370f8d42,negative
3c58fd2ef8,positive
f753d30b38,neutral
aa83e6075e,neutral
913c91b0de,negative
751d70d6be,negative
47fad4f4cd,positive
af8842c4f3,negative
51a4acf014,negative
803996a09e,negative
06514e2574,positive
92cf0bcb35,neutral
ede6e4021a,neutral
08f8640e51,neutral
ad6d35c9fb,neutral
83cdebaa92,neutral
23f0f2d1f3,positive
af98925f4a,positive
b5c63c219a,negative
ccf23937ad,positive
1e0d79eb57,positive
89466a67d0,neutral
afca91dc92,positive
a003950128,positive
f67d5f3243,neutral
a32c3e80ce,neutral
856c445b1e,positive
bb2801f7ae,neutral
0d1a051f0a,neutral
d39b91228c,neutral
febbd3b8d9,negative
1fcc024ec4,neutral
fc8ed01f87,negative
a15c98b146,neutral
6086bce947,neutral
07adfb553e,neutral
f3b213a94c,neutral
33f75c1951,neutral
043554b8ea,positive
9b24d6614d,neutral
c6f9fa9cf5,neutral
c85674fa22,negative
e52dc9247e,neutral
21d66d0a6c,neutral
641555ac70,neutral
d7eff05eb3,negative
f44a715bac,negative
bbbd57c093,neutral
c3897a6af3,negative
628c7ef2bc,positive
e47b0e317c,negative
06fbf8b1f6,negative
ba91134463,negative
f8e833863b,positive
8b2e5219c3,negative
7e05e68092,negative
01942ec563,neutral
f610832c03,neutral
6bafb036a2,positive
9e466b0667,neutral
a521d04f7e,neutral
4fd364c2ba,neutral
1be7769340,negative
01cd64b48d,negative
2f2c8a01e2,neutral
d641fd2819,negative
03f5d78195,positive
95a60b53a0,negative
4760ad4246,negative
c87f9557af,neutral
19da5d683d,neutral
a82d583e9a,neutral
38b762e325,positive
ccc1ac7300,positive
e3922e5326,positive
c91843ee16,positive
125249886e,negative
78c8a6bd73,positive
10c0f1b999,neutral
2e306c8902,negative
a8d1027c8c,neutral
8a7feebc4b,negative
d93cf1f1f3,negative
f6741757cd,negative
ebeea1f86c,negative
ecd73c6d97,positive
3b5692f59c,negative
15e6e63fcc,negative
08a860484a,neutral
7bb95dfaa2,positive
2ddb792fa2,neutral
ec66683c9f,positive
643442601d,positive
109bec266c,negative
7fa6b8e981,neutral
bc4061f80d,neutral
cdaa76b155,neutral
d2679b98ab,positive
fcf18faa22,positive
e65765ce9a,neutral
cc4a151d1d,negative
929a5d6557,negative
02c004bc2d,negative
2ecac00b52,positive
5fad471c2b,neutral
c78d8bc843,neutral
9f04d486fb,neutral
6ce4a4954b,positive
889c7ee4a8,positive
c0ddd87731,neutral
41fe669716,neutral
b7d9ae9072,positive
6a5ec5682e,neutral
84e92ac480,positive
b056ec3a6f,neutral
faae6e2fa3,negative
59bc3dd186,positive
f3164924d6,positive
ab8363c725,positive
2631f4447e,negative
d76e65f0b2,neutral
a719156c49,positive
81b03a933a,neutral
06e398557d,neutral
3e31b98ce2,neutral
083ef66232,neutral
4be0e12b0c,neutral
a3d51d9c94,neutral
6f6bb494c9,negative
a76f9cf8ce,positive
0016bd1dbc,negative
ba7149719f,neutral
310fb6c0dd,negative
2a2b5d0558,neutral
eb86aa056b,neutral
71b18f87cc,negative
e7f5a0c43f,positive
d68d87da7b,neutral
d46f9acd72,neutral
231cbd5800,neutral
11b397a3ca,positive
886beb8aae,positive
cf1d274111,negative
168ceeab97,neutral
f70614e8a5,neutral
622ee0ba29,positive
8225fc17a2,neutral
c123f197ec,positive
4006d614d9,neutral
fa82c3881c,negative
4e6293b2ee,neutral
4b61dffbeb,neutral
327da328ac,neutral
9adccf6bf9,positive
a6e87cf811,positive
bcdf349242,positive
ebc1bb84e5,positive
4162bf50db,negative
229919563a,neutral
c3592fbe9d,positive
421beb7e2b,positive
0e9cdfd3a0,neutral
f2234c86f9,negative
87905fdf35,positive
03174d4f45,neutral
fd2a6eefe9,positive
f3ca0fa4dc,positive
d5ea260d03,negative
8c6b228d5f,neutral
4ea61dbc7a,neutral
ad4b60b58c,positive
7669dc1086,positive
812e066eed,neutral
44a1d45fc3,negative
1e89a9ac1a,neutral
266212df8b,negative
b662a877e7,neutral
92bb2fe635,positive
97ee3fb552,neutral
7dad90e273,positive
28e9ac4d78,neutral
cde1e5f0f5,positive
58d00d3ae5,negative
d81a9658f1,neutral
39d0dd9215,neutral
2694983882,negative
39c6602ec3,neutral
40e8058cbb,positive
b7ac42b539,positive
fdbb522e18,neutral
057b982878,positive
da7fa3426e,positive
ad34a6585f,negative
a8b028ad93,neutral
60212f46b7,positive
77c8d92adb,negative
863eaa2496,positive
5206828c1e,positive
4ec29960a0,neutral
d8e204b2a3,positive
95b0d4bdfa,positive
fbbeb8413a,positive
04d529a0ae,positive
ceb980f2e1,neutral
abfb47f0b8,neutral
9dc15a8e95,neutral
b093e8090b,positive
86c762889d,negative
c92b5a0bf7,neutral
871091e0a2,neutral
fe989dbc5e,positive
313e64dc02,positive
33f25ebfcf,negative
9513096e19,positive
a617ec43e3,positive
d46c824953,negative
eb0ee01a1d,neutral
a4596fe6f9,positive
5b7fa1a7e0,neutral
36df05f4b8,neutral
8d9d23964e,positive
cb9c2090aa,neutral
584f32f710,neutral
2b52970888,positive
187745f502,negative
830a6e2155,neutral
af1d34a358,neutral
5ebd021c3b,positive
75d9c8c7d5,neutral
5b6b628603,negative
8e29aec369,positive
d14bb55bf3,neutral
57e2ede00c,positive
fdf80accf3,negative
b448bff0e8,positive
6df5a09d09,neutral
ce8490b99b,neutral
77f0ca1130,positive
ec322adc8f,neutral
4f3b2a12ec,positive
e3b5fc1632,positive
b15c4f6298,negative
db288ac882,positive
99cc23aca9,neutral
368ed51322,positive
d0acd356c3,neutral
7c853f1b08,negative
80e48ff9b3,negative
de8c4c410d,negative
cea3c23ee5,negative
aee35b84d6,neutral
292c670dd9,positive
27b5344df3,neutral
e39ad1bb34,neutral
e924fb4417,neutral
4491189459,negative
fdf30c0ef5,positive
1d650bb586,neutral
189c34484e,positive
35fd1938b0,positive
6239805511,negative
9d7ad9bae7,neutral
fe98872319,positive
24da360bf4,positive
12cfc10225,neutral
b0e4546251,positive
850bbfc209,neutral
91419418bb,neutral
7fa3e5eb1a,neutral
25778e682b,negative
21772a3cfb,negative
fbaace1664,positive
ae01b6389d,positive
ba5402b5ce,negative
3d890a18aa,positive
6e638ba726,neutral
9a0841af8a,positive
c2b525f0a2,neutral
50e14c0bb8,negative
a1975f51a0,positive
7e820f005a,positive
e53ebf4ee2,neutral
86f00f0bc3,neutral
9b5db85d83,positive
b6853ce619,neutral
52c7993b04,neutral
ebe781df42,neutral
6f4be24d3a,neutral
cd4b8d7a92,negative
700c32383e,negative
5d3ba9ced7,negative
ec1de264af,negative
a396c8b61a,positive
19b8e3e862,neutral
74fa55b2ad,negative
cc443795be,negative
46f7846558,positive
cf9184c380,neutral
cfb572ddcb,neutral
0736535e65,neutral
81d6211f4d,positive
e822e3ead5,positive
6c0ad8b352,neutral
7c7767b8fe,neutral
de45280fd0,neutral
796e15046e,positive
bd21593428,neutral
b73671db3c,positive
bf8ef0039c,negative
1623f53b04,neutral
fc118f0c20,neutral
be2c597372,positive
27692fa2a3,positive
df409d4a7f,positive
80c985a159,negative
8602a4b995,positive
2822c1210d,neutral
c70fe26447,positive
f5af158d52,negative
2f9eb28856,neutral
d413a83a5b,positive
5b34c6a158,positive
fac4f75f45,neutral
263460b27b,neutral
889cf88e54,neutral
3e5f16952a,positive
bbf71e04d1,positive
a1c4eb4470,positive
34af663e50,positive
e55ed3d632,neutral
e3d78da8b9,neutral
0c4d2b0cab,neutral
570fbfc87a,neutral
d681f0dfbc,positive
d405cff69d,positive
a0bb7baf1e,negative
1cc3453619,positive
f2262dc310,positive
135c46a94c,negative
ef0a7a1c39,positive
4953e9fae4,positive
02df85ec66,neutral
fee2de889e,negative
0153891ff3,negative
e2c9efe517,negative
04b6ddc2da,neutral
366e385d04,neutral
a52a2bdd7b,neutral
3faa077424,positive
26a9b149f4,neutral
809de300f3,positive
aa8402bcba,negative
698223075a,neutral
be8219e372,positive
b92225fd95,neutral
37b9fc8ccb,neutral
78c6dea151,neutral
6b8e729a02,positive
8445c3248d,neutral
2c28a84f1d,negative
de81efb359,positive
0138eb47f4,positive
35bb52e072,neutral
4cbd2d23dc,negative
6a258849a8,neutral
1e4bcc6393,negative
0304b83113,negative
5ed3190357,positive
b7a6df7f96,positive
c3360c6bde,neutral
7b25c09b0f,neutral
718dd7a3a8,positive
3674a601da,positive
b2286aea10,negative
a6011468ec,positive
e09aac5e8e,positive
0759e8d514,negative
fc34a621fe,positive
f5dae9250d,neutral
49a3b7288b,negative
b9c6bd594d,negative
73d3c0dfd7,neutral
3588aac106,positive
40b153dc2c,neutral
0f59e9ab8a,negative
992cbe7167,positive
2259fa1230,neutral
2d58c41e1c,neutral
a6fd9bfc16,neutral
ea2f9935d8,negative
a282babee2,positive
96c5b4862c,neutral
0a2d80b493,neutral
c0475430a5,negative
2d6b3e1c79,negative
c5bfb6b93e,positive
b442e1cca8,positive
f184a46ae4,positive
bf39f4a8e8,neutral
a27a31f5b8,positive
995ab0cd7a,positive
b300877d30,positive
3058a9caff,positive
f2cc3458dc,neutral
c339569822,positive
780c673bca,positive
7b6a2e33b7,neutral
baec66304d,positive
d814646d66,neutral
44a47726c8,positive
61473e55d9,neutral
b06fd0f2ce,neutral
0765b80116,neutral
9e46e59d01,negative
47dde4db6b,neutral
b3fff2e516,neutral
30c1729a6f,positive
1fd6118e78,negative
cd8a65bc07,negative
5660901cdc,negative
e4f6331876,neutral
8681be6bf3,negative
be65765553,neutral
cebd231151,neutral
f9471f1c8d,positive
6aef787d9a,positive
04b056be83,positive
e2fd5f4031,negative
c2d4220b79,positive
b0c4931574,neutral
fab73f3a9f,negative
c3c8a94623,neutral
286c772efc,neutral
5c59ecc527,negative
aee6e65c60,neutral
fcdbdfce85,positive
5bb732ca71,neutral
4fbd869da4,neutral
d053fd5269,negative
a8da7904ac,positive
1819cd1306,positive
2bf08a606a,neutral
7aa5241d51,negative
5cca1a274b,negative
bd9b81f98b,neutral
5b34b39a42,positive
ad9d788f60,neutral
dd6ed81c68,positive
992f2b16fb,negative
64039ca6b4,neutral
f94213cfb8,positive
d71ce50ae9,negative
7e778b1d4b,neutral
4aef4d5752,positive
877e50f89d,negative
5634e56768,negative
3be62b7cea,positive
4989c9368b,neutral
e6f5e9817d,positive
29b8101827,neutral
10e6bf5949,neutral
a5a43edfbb,negative
434af71088,negative
bc3d65f5b0,neutral
f7c8d62748,positive
b6619a057b,positive
f82b963634,neutral
b30b458b91,positive
0531480c63,positive
5c3e617f64,negative
dbba05332a,neutral
ef4c6bf83e,positive
e1859d533b,negative
edffb44320,neutral
a41320f217,negative
ff18e21987,positive
e6b8d99c39,negative
857866a830,neutral
ea816f7a95,positive
89e955d693,neutral
89cd7f2945,neutral
7972343be5,positive
1378525169,positive
a8a619b1c9,negative
fa54fc87ed,neutral
c8f996b680,negative
c351189e45,neutral
e5d1ff80f2,neutral
a6410241b8,positive
fafe8911b7,neutral
66340e4f32,neutral
a8d9ff4fc3,positive
d1d317ef0e,negative
3c25394b2a,neutral
4b36852244,neutral
bed93bf281,negative
e158424933,positive
06c9fdb980,neutral
e2b9a690b8,negative
e7da99cf83,neutral
0d2d2e4e93,neutral
d06dee8ba0,negative
3f96c39a12,positive
a1c7e9bd8e,neutral
6d4f0bd457,neutral
df65034cd6,positive
736c2b7a3e,positive
795bd9474a,neutral
7e260b1f13,neutral
32b971af95,positive
d497141ca8,neutral
fd98491967,neutral
337cc68ed8,neutral
9476187ac5,negative
b11150c15f,neutral
d2d0eb28ef,positive
3d623c804f,neutral
5eb0ddc2c8,negative
f39406c4d7,neutral
8e222de315,negative
b7d1228a69,neutral
536f585c52,positive
623c380ff0,neutral
8ec29926f1,neutral
5515e8165b,positive
597d868038,neutral
ff0112e0e7,positive
b784150b7c,neutral
478c432e8b,positive
0532fd94e7,positive
d5ebca68b1,neutral
6ea71f26b2,negative
9979cd9906,positive
74552afd3c,negative
bcf82d0251,positive
4631068d01,neutral
535bd2fe9b,negative
54ac8c52ba,neutral
c8ecb947ba,negative
e2c97d579f,positive
a4584edcda,positive
80d44a3aa2,positive
071268f024,positive
7e3052803d,positive
d92eb7fb32,negative
df3a00aeef,positive
f18b75e863,negative
205e6c552b,negative
9b638aff3f,positive
11702807c6,neutral
f489993b5e,negative
6b748f5a24,neutral
ea1a3840a0,negative
1cf21feb71,neutral
0ef15a1349,positive
8698d535f2,neutral
abb52e9f44,neutral
8c22e3882e,positive
7c78c0083d,positive
fe66730405,positive
312aaf4a64,positive
7d3f899337,negative
ecf4acd914,neutral
d2ddee6416,negative
bb21279826,positive
d5ebd5f984,neutral
8a2a4790e0,negative
07c231cf30,neutral
9861e16cc3,positive
02f2810c41,positive
9881d8236e,positive
8b648c6715,negative
857366dde2,neutral
1dc70c74c4,neutral
706c7eefc8,neutral
a946e76161,positive
05d193f85b,positive
d240f7c6d8,positive
f82f2e75ab,positive
6a820dfeec,negative
8866882869,positive
d901a02f33,positive
4aec85b115,neutral
081af39ad8,negative
80cf06888d,negative
b8ee4aadab,negative
fb07a65041,positive
69a24b165f,negative
1c9506d2dd,positive
b512b81ff2,positive
e77145c41c,negative
644d75676e,negative
1389791cd7,positive
e26b9a8f18,neutral
c7aa444de6,positive
c16832facb,negative
9f1c41b48c,neutral
2724775d6b,negative
f3cf258255,positive
d0fa123458,positive
879f64f30d,neutral
3e67e50d9e,positive
fc3c764d94,neutral
0e2f13043e,negative
d8aa90a4a5,negative
e48b0b8a23,neutral
350a8537c3,neutral
d219b7f854,positive
7525aecf0f,neutral
364b89fe8e,neutral
7972092a15,negative
9d263a3553,negative
88dc8f2531,neutral
f4a84a5db5,positive
f47f6473e5,neutral
eccb78e4ad,positive
87019a2683,neutral
4860f705c1,neutral
63999dcc74,neutral
71cff7e393,neutral
b61100970d,neutral
21d92d96ed,negative
c85a555399,neutral
638cc1247f,neutral
01678b4ee2,neutral
3ee72dff08,positive
5bf61ffc14,negative
9adff96a3f,positive
556d273874,neutral
10dccecb22,positive
c148cfebc9,negative
1843fd7f75,negative
c26e85ab0c,negative
ef0ca5a8e1,neutral
804efc7f73,negative
39854df96d,positive
368b76c534,negative
d2c66b666d,neutral
02ea061b1d,negative
f0c0d44fc6,neutral
f5cbc456a6,negative
c213900189,positive
63251448e7,neutral
94d69c0210,negative
64d00dc138,positive
11b830c864,neutral
3682658596,neutral
517d309888,neutral
8a88d77907,neutral
e1991653ec,neutral
7a6c1bcb7d,negative
b76a01b1f8,neutral
affd8f8dd3,neutral
12b20a0f7b,positive
6ce917cf73,neutral
3597914901,positive
800700f62c,neutral
da747f6efd,negative
81c29a90cd,neutral
f27be2e994,neutral
5bfad683d5,positive
aadad95bae,neutral
6c0d1d0655,positive
5af0e5787e,positive
8ae7b5f1f0,positive
bee3fd5dea,neutral
af45cd98f8,neutral
ee0b6f2027,positive
715a6a8caa,positive
06697a856c,positive
03af086e44,positive
562468489e,negative
dbd9d243f6,neutral
10fbf2f691,negative
255b9b44e2,positive
9cf994a0c3,negative
48037ebde3,neutral
912dc5e9cf,positive
93cf15dcf1,negative
562296bdb0,positive
82112494e8,neutral
18593617d0,positive
6107b11106,neutral
e451131bc1,positive
b283392871,neutral
48d5705291,positive
b1fb93dee6,neutral
b9c95f65f8,negative
f67aae2310,positive
0e7ed1c470,negative
407d5138af,positive
ebcdf07ac5,negative
14361c7dc0,neutral
68e3f60e14,neutral
7c25a30b87,neutral
66adab7336,positive
8671f4988e,neutral
d86c04c8b6,positive
57dcab1a62,neutral
fa48e8734d,neutral
d129eada0e,negative
c5a4ddbaca,neutral
504539e6ec,negative
ab3dd6ae41,neutral
c323eae7d0,positive
fd987ed435,neutral
b949547ec7,neutral
fa0daf343f,negative
cf8b564f65,neutral
d0dcbd4559,positive
e67d1e9731,neutral
2cc97395e7,negative
f0db54f5bf,negative
98ed3426fc,neutral
a3fb74f5dc,positive
14d8f19c12,negative
24f9515ff9,negative
783557bcb7,negative
55885b8d56,positive
5cd4904dde,positive
a8e02e5be4,neutral
a006859f1b,neutral
ed7436664f,neutral
1b49a6bcf1,neutral
0a512e8e0d,positive
15188adbd3,positive
21e7f12c06,positive
71b8d705d9,positive
5af1620dfb,neutral
7c8f3adcc4,negative
fede88d585,neutral
e9a2976090,positive
be50e38598,neutral
e9f703fbc1,neutral
e093ccf86d,negative
7f927df185,negative
f66bb66114,negative
c27eef207f,positive
8c0f27230f,neutral
a9867928fe,negative
42e305ec17,negative
b195dfe276,neutral
edb893a0fe,neutral
d7c15be00b,negative
a663e7c602,negative
9159e639ab,positive
46ef889389,neutral
1e98701818,negative
5db6024b06,neutral
e36af7ad9a,neutral
8dc47ce650,neutral
955c8a4461,neutral
95f51baf42,positive
73e3150187,positive
3f49b9bb73,neutral
eb27647ac5,negative
00f02e92d6,positive
f967579fdb,negative
0af6890a93,positive
fd8bfa5d25,neutral
68a2d75b38,positive
121e184aee,positive
d50d8a9afe,positive
6ac418d516,neutral
03c7151b7c,negative
f7b3ee41f6,positive
9410e02ea5,neutral
cddfa54199,neutral
dd01108dba,neutral
d0d314cdd7,positive
47c5a5fa73,positive
7f591102bc,neutral
f150c43b3d,negative
458213811b,neutral
32c9089fe0,positive
c2b8836496,neutral
279376163d,neutral
6ae2e23d21,positive
71d8145311,positive
bd1c1bb268,neutral
1834ef3d8b,positive
df1c3869bc,negative
c5bb827543,positive
f3d6df1119,neutral
6d25fd6041,negative
f6e333c5a2,neutral
4c72374608,positive
4245b89bb7,positive
04e52d731e,negative
d3cff5f3ae,negative
d7cbf13ce9,neutral
bd045108dd,positive
c5b7e4320f,negative
6f71071716,positive
023a512e52,neutral
bb6748cec0,positive
867e2ed06d,neutral
719a7108ed,positive
fa3fb3592f,negative
98059dcc12,neutral
ed8bb17f21,positive
9a7794b244,negative
1abbb4c82f,negative
a5318c0473,neutral
7b1ecda317,neutral
c2986901c5,neutral
f71c64a367,neutral
eee8feb6d5,negative
a9b3ae6123,neutral
08334a566f,neutral
66081e7de2,neutral
2229f196ae,negative
ea201d0ed1,neutral
e84601441b,negative
f5bafd107f,neutral
1427fef123,positive
ab936e4839,neutral
a86aefc3c2,positive
d5a99efd16,positive
d288b32d20,negative
659b90e30c,neutral
fc7dfc7f34,neutral
b31a0ce70d,negative
ab0cf4bfff,positive
9733f971b5,neutral
c60a0e1ea5,neutral
815b3483b3,positive
62dfbedcd9,neutral
6ab9a27c6f,negative
03fa13d223,positive
b0fc9f4b10,negative
cb5e8184f5,neutral
85c1dbf1a5,neutral
1db7dadcb0,negative
e1c0abb3f9,negative
a2189ffeef,positive
e28d5c1bfc,neutral
51616871a6,positive
e61ed1b1a2,positive
7c4d129387,neutral
3f1c5a9494,neutral
a164b4aeb4,neutral
0e3cf08948,positive
afe22c972a,negative
10b3055e25,positive
f5cd39143b,negative
e497b2a34e,positive
2b4223134d,neutral
998ff9e04c,negative
1bdf2da50b,positive
783ebadc5a,positive
5a1ea7ace5,positive
1ce6042e00,positive
47171c0951,negative
31913b6f2c,positive
ebfd63786e,positive
f06829d59d,positive
39d58eb661,neutral
ad21249e85,positive
279f65d93a,neutral
1c2b43b8cf,neutral
06e0920d4f,neutral
b192905ce6,neutral
18b2bd5f0f,negative
1a15b2f2bf,neutral
2bf1c9bf2b,neutral
9c722ef92e,negative
0a5e46a73e,negative
6fa830e24a,neutral
7f4ab90701,negative
2427fdda4d,negative
45e6e6e9a9,negative
7b84ac125a,positive
a8bce31401,positive
a0c83dd3bd,positive
ba63a9602c,negative
3b4ce30ad8,neutral
eb70f90740,negative
85b2dbf969,neutral
b345cd08df,negative
77255dfc29,positive
4ec8acff3b,neutral
5e9d943e84,positive
14ec30ea31,negative
6bfd4874e7,positive
ad6c3de0ae,negative
1a62205df0,neutral
50c1f371ce,positive
5e4e914e8c,negative
417aa1add9,positive
b8fa9e7e2b,negative
0bc8b2e1b6,neutral
843c7e7e58,positive
aae1dd4b2f,neutral
d7a9f717e8,neutral
39ea7a78b0,negative
35327bcf92,neutral
8263d62bf3,neutral
8cb5b2d004,positive
fa118ed597,neutral
7dee183d6d,negative
967f203b7c,negative
9d76829fbb,positive
bff1cbf608,positive
a14955274a,neutral
b329d819dd,negative
4f2402ff1f,positive
aa2381ef07,neutral
b45c94b07c,positive
b761b09fbd,neutral
49b3fd2cfb,neutral
b6129f53ba,negative
ef22ccce07,neutral
7a2c016629,neutral
372a3b9c8a,neutral
eed9542fb9,negative
5663be2fbc,negative
1d05b47096,positive
43778d1d23,neutral
8a9cc6366b,negative
d7d5016497,neutral
4391b14eae,neutral
89ab1260ae,positive
db8475bb3f,positive
59eb250ded,negative
9736b31d4c,negative
dd42264db1,positive
f5bfebd4a2,neutral
ff61f3369a,neutral
93755df0f2,negative
eadba04b8a,positive
c664dedbce,neutral
ce3201392e,negative
5863f5f7ee,negative
3caad6313b,negative
fee6cd911d,neutral
eadb5f8e35,neutral
2e361ca13d,negative
675bb05b9d,negative
6df2b65239,negative
f5dd093435,positive
de1f8970e0,negative
567b068131,neutral
5931a8cc5e,neutral
99ae8b3a99,neutral
d3e56c2541,neutral
a3603b45fb,positive
32dc2d3da5,negative
8387eb06e8,neutral
e99514a382,positive
fd12abcf89,positive
fb8c384857,positive
5abded0676,positive
acfbac049f,neutral
cdf2fe55f9,neutral
2cf1943063,negative
12712103a1,neutral
b3fa6e62e2,positive
7eabb6670c,positive
e11c0371de,positive
7d3ab6ab96,positive
ad2e9f53be,negative
19e2e43496,positive
0e5b759999,negative
31dabb4504,negative
6bd9ddc994,neutral
0d84d8bf82,neutral
ada3d89b8d,positive
2eda979411,positive
7c36b92dfe,neutral
31fd533818,negative
70a09e0f63,positive
c903600ded,neutral
e0d6777df3,positive
dc76e62898,neutral
ca3ccceff3,negative
a91c5b33d1,neutral
0039c7e4a4,neutral
f57fc6cf5d,positive
d8867e4d4e,neutral
a732d0a8eb,neutral
1cdb444ea5,positive
624763df58,neutral
5a3301f306,positive
faa345f16d,positive
9d044f2a97,neutral
886efc32dc,neutral
7a4dab2e77,negative
c91f01a8b3,positive
91dea899c8,positive
3d02a62350,positive
01fd15c92e,neutral
206ffae0ad,neutral
07247c8d53,neutral
11d1273747,positive
9d0a42adf4,positive
b2423564f7,positive
0caca06493,neutral
d6bf437268,negative
37c62ba7ca,positive
adf4f1ef86,neutral
5696b71af0,positive
9a9c9817e2,neutral
2bf5c7dba7,neutral
e51c3774e1,neutral
1968e10eb5,neutral
6d5c066561,neutral
0633a06f19,negative
080116db0a,positive
0a6ed8c4e2,positive
75e4e9bb68,positive
7a8ca99324,positive
6ed9b29ac2,neutral
6d7995cc52,positive
74a19cd205,positive
57f97a9ac7,negative
afa50a2b3d,negative
9776230555,negative
0706981933,positive
289c30c52f,neutral
2f17e1827b,positive
1be99e0e71,negative
87d5c42884,positive
528ccda85a,neutral
8042e7ffb3,neutral
1f7b8005fd,positive
6f150a8a03,negative
598c09a87d,negative
e21b33975c,neutral
1aa94554be,positive
6d27a0de4d,neutral
7f4d346711,neutral
86e9fc24ea,neutral
f9870de79d,neutral
216a8bdc6c,neutral
2f148847c0,positive
ca4e865b8d,neutral
ad901bf524,neutral
79bf2ad703,negative
772aeb5f05,positive
4bf221814c,negative
f2954076a0,positive
23b847869b,negative
9c2bd778ea,negative
722f87d325,neutral
fa75ef0af9,positive
23f3818de2,positive
f97d20c990,neutral
e19a478d4e,negative
a2bc3f79a8,positive
8cddd58701,positive
486325d5d4,positive
2974d2b01a,positive
b6492bf392,positive
b4f4e14266,neutral
2dc2b2ecaf,positive
3e0e15133c,negative
5bd5c7e22f,positive
4f433bc23b,negative
fa2057e966,neutral
e5b77c7f4f,neutral
4270c54167,positive
001d289399,positive
aea731ccd1,positive
2b2160c93a,negative
73763a0259,positive
a90a0f5c11,neutral
25e6e5c10e,positive
29e8b6bb7f,negative
eaf1f96b81,negative
c949e571d6,neutral
b12cead655,positive
7c91441fa4,positive
0462b79deb,neutral
f042305265,neutral
67c2fe7e7d,positive
5f880890b6,negative
3da13a1fb5,neutral
5534973b05,neutral
7ad6e7eb8c,neutral
8f80919e3c,negative
58c50a1df5,negative
d07423d091,neutral
2c221c7be6,neutral
0f586bad99,neutral
87bc414445,positive
ec194e8885,positive
0455e2c1e3,neutral
7420980c60,positive
6e5ce8da91,neutral
e302ba395c,negative
2dba74fe3c,positive
f2eb0b5e90,positive
98177b14ce,positive
dd51f47b25,neutral
8b874e4da4,positive
306d7b314b,positive
9f54a6a14c,neutral
99e6f68a68,positive
d435cd11df,negative
eeab1e39da,neutral
ff6c2bc656,positive
e04fa17673,neutral
9c5b7929af,neutral
d725ebdf7b,neutral
8630921b7f,neutral
2cda6ae11f,negative
deb049893c,negative
7a132e10d0,neutral
1c71a17783,neutral
ea188a7701,neutral
fa6c575056,neutral
b6b4f96816,positive
512bc6d6de,neutral
49d67efc72,neutral
cb1b0d191d,positive
135881f2cc,positive
1ee11e3186,negative
9d5407420e,negative
c308eef604,neutral
91a28fc89c,neutral
9f81595b98,positive
b8d97c4ac9,neutral
6349193073,negative
6ff1f916b8,positive
851520f2a8,neutral
a25c6ba0ea,neutral
445b836fd9,negative
468cef572b,positive
bb6bded93d,neutral
6c732a3102,positive
f07cf90a98,negative
e11f3ec1a1,positive
527c1a9c7d,neutral
b906d9967e,negative
d387ba5369,positive
4c6a0e0e82,neutral
202c45ddbe,positive
634ee9d286,neutral
66521b4652,negative
cdd38b0dd0,neutral
1f5d180807,positive
30a1e8c2b4,negative
293357478c,neutral
793fae94bb,positive
0810fd23e2,neutral
4e9f3e5a03,positive
050721252d,neutral
28fc81d56a,neutral
2c30fbecef,neutral
581b478e95,positive
f46a33a92c,negative
3e3a0af796,negative
011809f662,positive
28dbada620,neutral
a88181a7ec,negative
a95d5ed9d5,positive
5b606dd2c1,neutral
19e66b7b96,negative
85abfc1079,positive
f2e1061044,negative
576e582c02,neutral
392d2d7d69,negative
970c3c3d02,neutral
6bdef079c4,negative
093d8392dd,positive
e8bdeeed1d,neutral
18c96b67f9,neutral
51910843dc,negative
42c0e9568e,neutral
f925445ff0,neutral
74e3989cce,negative
95307ec44e,negative
4bc50ce45c,neutral
8e7c69d8da,positive
a4f63936fb,negative
f5435a9e89,positive
23567ec4f4,negative
1843f47897,positive
68cc543468,negative
d4f27a0788,neutral
c6d075778d,positive
35b5a783cf,neutral
1cc2f519ce,neutral
4f26fc0981,positive
eef36565ea,neutral
71d0a47dda,neutral
48ad683dd2,positive
8503dfba02,negative
0507a7a077,neutral
05d5943c37,positive
0f191a7736,positive
7e785e48c9,positive
f19b2cd94a,negative
54f1da99f5,negative
b75505e7a6,neutral
c67abab6e5,negative
434ad2efd0,negative
4568211cd0,neutral
47b3f1c22d,positive
0114e811f1,positive
ac4aef6710,positive
8d67a270fb,positive
0ae6313c6a,neutral
f6030d65a4,neutral
dd4e1d09a8,positive
4683460ce7,negative
b4c5fc2479,neutral
195e012231,neutral
f58e1c4ff7,neutral
1b4d2454c1,positive
cc395894cc,negative
72c09ef13a,neutral
83f6616e1a,neutral
a7771f84b0,positive
5e27f061b2,neutral
a544aca4f7,neutral
61e225fbd7,negative
2f31dd75de,positive
0c0b11818a,negative
f079511098,positive
868b6bd015,neutral
d8246697a4,neutral
872173e15e,neutral
fa9e1c5550,positive
394881b7d0,neutral
f50d4718b3,neutral
63c1de94bb,neutral
a0a392fb03,neutral
92868e85ea,negative
9e3108591c,positive
aa9ff97231,neutral
27c3d491e3,positive
47f459b637,positive
8d015c2747,neutral
7d5057e6b4,positive
6dba3a987e,positive
4ac5fe22f7,neutral
b3829e3f62,positive
e6f2007196,neutral
1ebeec2fbf,neutral
644b94a495,positive
e05b470def,positive
a0bdaf822a,positive
0f0304d4ca,negative
771f712a69,negative
8a533f0857,negative
b87da7f7e4,neutral
df811fb3ee,neutral
1a97bf0e6c,negative
c4dde1116c,neutral
3335c809b2,neutral
2942f7e054,positive
2141f28a57,negative
5ea7f98140,negative
f9f80cbb90,negative
a72fd81a70,neutral
3f46740a01,positive
79748c507a,positive
b5fa3b05b0,neutral
14acb2b149,positive
e9f20ee0a6,neutral
00ea396ca7,neutral
5310603095,positive
2c93f937a1,neutral
2b092b0dd0,neutral
25f052b8a7,neutral
ac3504ca07,positive
ced4773caa,neutral
68257ebec2,neutral
2f5c77dfb3,positive
a375dccbbc,negative
72009a4a01,neutral
e2eb7ab659,positive
fab5ca9036,negative
bc61c9ef5c,negative
ab47f25d4e,positive
a14a1c80c3,negative
5c0f6aca04,negative
7b08c6091a,neutral
d38318e568,neutral
8de713d4dc,positive
9d190cc1cc,positive
5d5926de2d,neutral
81acf6ca39,negative
26f88e69dd,neutral
17fcf9a88f,negative
3ff9947935,neutral
78944eda15,positive
09eecf9508,negative
912f5d1266,neutral
b3261627a4,neutral
d86c27f2c4,neutral
cdf0ff5923,neutral
c1f3197a61,positive
de5773c63b,neutral
c8eea28ae3,positive
e39f5de674,neutral
28b973d4fd,neutral
5951c6b853,negative
ef420f43fe,neutral
a5932c1ecb,neutral
7d093817af,neutral
41d9fad711,neutral
ee1bab493a,negative
03bab4f229,negative
a9db495a8d,positive
af7b55a3da,negative
ef64a8edff,neutral
13830c9fa6,positive
a0e9f216f2,neutral
b9128c675a,neutral
e07e4d41a3,positive
a4107cd765,neutral
403de7b333,neutral
89b6e4feb0,negative
c7aaa9bce7,neutral
0244bed0b7,positive
7c9e2a1054,negative
c504d1f526,neutral
3fb2f8bda0,positive
ba047dae2b,positive
be7fcd20df,positive
83bc498ac3,positive
ee37bea884,negative
a4526148ac,negative
3cc8c62e3b,positive
627b9f89a8,neutral
585789af1f,positive
aa8b3df96e,neutral
c6c7f21693,neutral
92ca79a285,negative
cd1a90193c,positive
60d6a5323c,neutral
99a6f64891,positive
7b474abf9e,positive
23e6a370ca,neutral
ea00ceb956,neutral
97dfbf0197,neutral
c9d567bba5,neutral
ad8d7ce222,negative
785ba39eed,neutral
01dc133274,neutral
8bf994aa45,positive
eca91516f5,neutral
245255b009,negative
cbe3eb46b4,neutral
4fa93484ca,positive
1f5110a5bc,neutral
a78b09feec,positive
fe414f7be1,neutral
fafc26d78f,neutral
3e31964314,positive
d67abe8c94,positive
2660d36152,negative
dd1b429fc1,neutral
358bd9e861,neutral
c381a70e84,neutral
2977d5122e,neutral
ce6e842b55,positive
6c3221ae9b,neutral
87fca7f208,negative
0be333fbc4,positive
5c0d87f191,negative
4d94cf4328,neutral
e57133818c,positive
1cb2a0f0cf,positive
5e6d3726ca,neutral
454ea2153b,neutral
077a63ee0c,neutral
6f9c83255f,neutral
48033cb072,positive
f973d336f8,neutral
d6be2ed155,neutral
766e880a75,negative
1e12b8b504,neutral
30d0cf4ef4,negative
49e758d4d9,neutral
b65309d7e2,negative
a77104e008,negative
1f65d8982f,positive
c127eed38b,neutral
e040d9f166,neutral
70af6b6dc1,neutral
f7d4269198,negative
f618558e66,negative
670b6eef13,positive
20eb1910eb,positive
d0cc5eab22,negative
0414afb09b,neutral
cdb1239bd9,neutral
72fafbc5f4,negative
ddd4dd7be4,neutral
d77e0100c8,positive
c5db0d449c,negative
a5cbe88f19,neutral
21c7ca7c01,positive
fef24b7b30,neutral
03b1cac208,positive
c0d5b45663,negative
289317384e,neutral
79a500a152,neutral
3dbae74fcd,neutral
2945bac2be,neutral
555ec0c45e,neutral
ee53bf0e43,neutral
b7d7339670,positive
b2c78b1572,positive
aa4c750c17,positive
736ac9aaeb,neutral
c6a424899a,neutral
e4b2a3349f,positive
558aa40edb,neutral
d0802d8353,neutral
827d246ca2,positive
dd02e1b8a8,neutral
c39091da20,negative
3b092c1024,positive
3e44fbf1fd,positive
659a1db448,neutral
7592ae021a,neutral
5c08f9490f,neutral
08513f136b,positive
f74831de61,negative
0ec596c829,neutral
f38b1d3dff,negative
0fd86514ce,negative
0d671185f5,positive
a463952ca8,neutral
bdebaf63f2,positive
bc7fc4e62a,neutral
73e3635542,neutral
1584913060,negative
2ffe48e341,negative
eecefc0f09,negative
55e507edf7,negative
e08f8b684d,negative
cd510913d0,positive
77f00699ec,negative
fc745845b8,neutral
5dbf3ceae2,neutral
301274be80,neutral
773c973fb5,neutral
f9642f01f4,positive
d79ee48381,neutral
cc718e4767,positive
f14f087215,neutral
db401769c1,neutral
d4b00ca8b8,positive
72d01e41f5,neutral
22fd4c087f,neutral
2496e631d7,neutral
d16a599d1d,neutral
2c801b5366,positive
7484e0c885,neutral
7f24d1d1ef,neutral
997a79658c,positive
55f9d3b9cb,neutral
53f412095b,positive
1ee8770ff5,neutral
68036f7944,positive
921392bc2c,neutral
8d6fc46de5,positive
49486e3b2d,negative
ee217de560,neutral
4007cd966a,positive
53b213be68,negative
3ea857c19c,neutral
1b893952b5,negative
7c939a446b,negative
c4f4388600,neutral
8477aa5271,neutral
520d782e5e,neutral
23304e66c0,positive
6a679e5e43,neutral
72df0ca5a2,negative
724efd0fa8,positive
c3badca7b7,neutral
d85cbc07f9,positive
03e9eddd1f,neutral
11ef510744,neutral
6c2497fcfd,positive
c9f24b4915,neutral
cf9cdcdf32,positive
a30aefa0bb,negative
3159e5f607,negative
8324deb046,negative
25efb02546,neutral
0e8c4b077a,neutral
cef540dee7,positive
8c650fdebd,negative
9b402bca9b,neutral
98cadf4304,positive
0897770e1d,positive
f49c1ebb53,positive
98a23ebae9,positive
f72246da6f,negative
000f629664,positive
05d973f42d,neutral
c78ea34157,positive
fd46e81555,neutral
7264df2fea,neutral
f7f91671b8,negative
0c49fad958,positive
123fa2ef14,positive
b001d5011c,negative
bb30655041,neutral
78964e3a74,neutral
99f5469233,positive
41282b63ea,negative
401143a73a,neutral
b19b0e9a54,neutral
5d97a78333,negative
3121e64ff3,negative
c15fd4ed65,positive
2b63dd7b70,negative
0f172c8020,negative
51892cf392,neutral
c6d9ab4ad1,neutral
4f0dba2758,negative
a9ce0e0568,neutral
3a73e57137,neutral
1e4a3213d0,negative
3ce7dd5ba0,negative
025bc90d03,negative
fbb9cc0147,positive
b64034dd8e,positive
0d1925608e,positive
f20a64408f,positive
325285b4c7,neutral
168bf74441,positive
0c7fb6e841,positive
c5300f81a0,negative
95cce905ce,negative
a6e4af800f,positive
f98930b9f0,negative
a5fbb6fbe8,negative
110c205eea,neutral
05832fb2c4,positive
beb87222f9,neutral
a03f2cc70a,positive
c756261983,negative
ecf25bb855,positive
4e0b406c67,positive
08764e843c,positive
8e2855ef79,neutral
79de9749b1,neutral
8ec40edbdc,negative
5bf9b58591,positive
f4d97a5add,neutral
f5e6f22cea,negative
7c7540691e,neutral
df8da19ddd,neutral
f7bd9f704a,neutral
3286f70986,neutral
69938f9083,neutral
df120c16ce,neutral
09b918e8aa,negative
acbc90fc39,neutral
b28fe5e1b7,positive
36c6258c2a,positive
9fabe85f42,positive
08ee68a14d,negative
794b975d65,neutral
2caf2c54ef,positive
9672b4ee61,positive
5d1b7cbade,neutral
d1c4d47eaa,neutral
2fd9598912,neutral
44ae243052,neutral
165c626d41,negative
13da499580,positive
daa58bb5d7,positive
fe89c3d2a5,positive
8ddcf03dc4,neutral
8731c63d84,positive
2d491261d3,positive
720e0e8c12,positive
384d65bc27,neutral
6e1e864851,neutral
2d935d638a,negative
97586292af,positive
3d2ace4993,neutral
0dbc7966f6,positive
2739651ca2,neutral
e916c7a279,positive
aa47a9bec9,neutral
ca89ab9431,neutral
16f737bd6c,positive
31ecbecf2c,neutral
a38dea7f37,neutral
1f6b9cd4fa,negative
85758bcac9,negative
29cb8acb08,positive
ed45f17f39,negative
2396ee1b57,neutral
4e93939f99,neutral
9bd178a668,negative
43e3eb05bf,neutral
9afdbae4f5,negative
578ae29d92,positive
8fb17e7f1b,neutral
ff0ec528ac,positive
038dc1dce1,neutral
fbba87adcf,neutral
0a5b22ab96,neutral
054c11549e,positive
d9059d72a3,negative
ddd56a5d26,neutral
7296e88340,neutral
bda1f81554,neutral
334496ec40,neutral
4c37341135,neutral
14ecdac86a,neutral
c2ada5b889,negative
1206faee1b,neutral
9fc03ff07c,negative
74e9f8da6b,neutral
d03c2ba9cd,neutral
98178224f2,positive
6e1811ea29,positive
a342cf829b,positive
12864e516a,neutral
b5fe8c6909,negative
a31a621c21,positive
a26c1b566d,positive
b4c98aaeb1,positive
fb95433e9c,neutral
25329e7d96,negative
3a93f65420,neutral
ae682c333a,neutral
dd5339b91d,positive
da83556bbe,positive
6bc1a0f105,neutral
44c7651247,positive
6adb010cca,neutral
24b06dee5b,positive
33db173eb6,neutral
b6d449ddb9,positive
32a95ba694,neutral
0cefe48978,positive
08a28d24c9,negative
7f63c04f61,negative
2a86a6d18e,positive
1784d095fb,positive
b99310f623,neutral
77ba0fee75,neutral
a99e285cb0,neutral
a27c60ef3f,positive
a52b69d7e1,neutral
4bc4477dbb,neutral
0b8c02f820,negative
69438ecddc,neutral
b5d5c6caef,negative
13bcc6a6f6,neutral
1bfbfda136,negative
936068c18b,positive
5c3958ef03,neutral
f09ad7baef,neutral
42bfc2c86f,negative
e55b367b2a,neutral
bd12268d3a,neutral
765af002ce,positive
9457c9ad0f,neutral
69b5639159,negative
53ef446838,neutral
aa23ddd2e3,neutral
a79c7a4bd0,neutral
b524433af3,positive
450a67347f,negative
e91ab170ff,positive
53524ebfd6,positive
b1e71a76cd,positive
d26ddd661a,neutral
4b58e4b8fc,positive
f6a79c28cf,negative
8ebf4419e9,positive
5c3060444c,positive
b43ff77e44,positive
8f1c816b64,neutral
0c55a2ad07,positive
ebda3686bc,positive
4860f2e2d6,positive
b8a9ed984f,neutral
7875afb5ab,neutral
d5b33ff5f4,neutral
6dafd692b9,neutral
62ffba26c3,positive
f1412f1467,neutral
176a1489cf,neutral
cc4bf3a021,positive
20ad2eca78,neutral
52ed8fbe83,positive
8793b4ff93,neutral
4bdcab31a5,negative
c6d257e1d0,positive
529db00fe9,negative
549164e932,negative
8e382e2ee6,positive
150a78fe40,negative
35a66ac0ca,negative
911777a79b,neutral
c6dc225377,negative
eaba181d46,negative
5b89015a47,positive
3ad2079097,positive
8bc35569b5,neutral
a3da084834,neutral
0253a9f628,neutral
8149539efe,positive
74168b3eea,neutral
0a91a64e53,positive
80b87139ea,positive
8a60ee86bc,positive
5a155e7fe6,neutral
17abf64739,neutral
f23e3d178c,neutral
d1d7ed938d,positive
527bc9f3d5,neutral
9a28ff3bc4,positive
b77b368c05,positive
442d481d0d,negative
64caada1fc,positive
93d5d0038c,neutral
19fcb0890d,negative
707d7b206e,positive
99a0ff3bef,negative
ba29204d45,neutral
3b2a6f537b,neutral
27346e6829,positive
56e0767069,positive
1427e06ca5,positive
cca6d31a25,negative
e2c0300846,positive
128f3dc037,positive
f93fdd38f0,positive
e01f0511a0,neutral
3b0e6c2c55,negative
60b164350c,neutral
6e43e60c2f,neutral
e323628ad7,neutral
0b847f8888,neutral
dd69cd1e12,neutral
fc76b2e016,neutral
0567d08a71,neutral
5c7180944c,negative
828697505b,positive
5a3ec92615,negative
0d8328f19c,positive
b506b2cc77,positive
94bd67443c,neutral
bbab445a06,negative
e683917909,neutral
d78b13add7,positive
de544dfa17,neutral
a621de5542,neutral
c7ee0e5853,neutral
cb63947d02,negative
02fef838dd,neutral
2d4931514e,positive
698b6e5aef,positive
a71d6a4734,positive
6002527ae9,positive
35a1325e9e,neutral
795b7b9ec3,negative
0dffcf014e,positive
b54cf2bb2a,neutral
d0b0559549,neutral
9520eba0f0,neutral
13fe858af2,positive
e389e44fbb,neutral
1206c7aefb,negative
2841bb25e1,positive
2f9e51681e,positive
029bfe45a8,negative
ac58a7a9d5,negative
19b465fa3c,negative
38e44e0f32,positive
ced27ecf6c,neutral
7e89a30098,positive
7a8d534640,positive
5370c9a541,positive
a40c7a29a0,neutral
a89e10a3b5,positive
bfcd1a6fd4,neutral
750af2238c,neutral
6089840781,positive
a39a139223,neutral
881aeb2f99,negative
7c59eb38ea,neutral
650a7ee05c,positive
d93afa85cf,positive
d265b4b26c,positive
7af995a949,neutral
cfbb61c4de,neutral
a0577b9f07,negative
6a72935099,neutral
f8a03c9d2c,negative
6d514da7d2,neutral
0da839bf7c,negative
e35c435265,neutral
909e655fb6,neutral
2a9009ce2f,negative
b1f009907a,negative
2447edb432,positive
62e611a13b,positive
1ca0e4e012,neutral
d663086e9e,neutral
e9e8db078b,neutral
4e5ea1304c,neutral
75818c1f34,neutral
deac72e865,positive
1c04467b15,negative
ff2704a5fa,negative
24d37f9ba7,negative
1f39951266,neutral
973aaf622e,positive
94907bfb23,neutral
3977998aa5,negative
a7359fdab1,negative
d852bd1a2f,negative
44087babad,positive
1264d0775c,negative
dc30185d43,positive
eff3042c00,neutral
bfc65afb8b,positive
256c22835a,neutral
b4c0bf1bbd,positive
54a27df4e6,positive
1a90989cc0,neutral
36ff6aaafd,neutral
c399097cad,negative
10e12d7fd4,neutral
8ad203fa42,negative
bb06258b30,positive
e654323097,neutral
9c9f724923,positive
1fcf0b3693,neutral
6f7bd6dbbc,neutral
136ccb49bf,negative
09a68b835c,neutral
d7ca81be0a,negative
798a6382f1,neutral
9954cca530,neutral
9c8181d566,neutral
0c9b53540a,positive
c2f0b7e86d,positive
4d252432cc,positive
300ee64c61,negative
f2f0938e4c,positive
555b90a504,neutral
a8d4f8e4cd,negative
f72cb7c076,positive
b1600b9554,neutral
77a409775e,negative
8994865218,neutral
640701ecb0,neutral
5a9100dc51,neutral
d98d7164a6,neutral
a929174cdf,negative
19b7fd49bd,neutral
77b846466c,positive
843f1f72c9,neutral
842cdedfa9,positive
04bcfe8493,positive
2209fb4785,neutral
983945662b,negative
2d94c993c9,positive
90c864a210,neutral
224a0484d6,positive
11f48ef97d,neutral
95de9ead06,positive
1327d62294,neutral
1a447d48e7,positive
cba675bd52,neutral
b306fd90d5,neutral
b7f5f60087,positive
7f029099aa,positive
c1261792f8,neutral
84724bdeec,positive
02cfbffb94,neutral
ca44ccebe4,positive
3254ce8282,neutral
eb6b10b090,neutral
a86e19fcdc,negative
28109530b2,positive
7dcf8bef3a,neutral
716bbb29cd,positive
834a862a0c,neutral
a838d1a793,neutral
a245af8041,negative
4ff027de24,negative
168e4275d9,positive
cc22eca4c5,neutral
5e447212d2,negative
098e49bc18,neutral
e89db87d99,neutral
31dbee3a36,positive
16e5644603,positive
d4d73f8bff,neutral
cc2704e050,neutral
f6de3a1120,negative
18699f7f9b,negative
c2df75904a,positive
f09816a243,neutral
0afb0b5fff,positive
c2b3f9d6cf,positive
7c88b11bd8,positive
5c9d292a34,neutral
51fe547d97,neutral
4c9108bdbe,neutral
bc8e9160c4,neutral
3bdbba0d6d,positive
f3fe64fcd1,neutral
c8bbba1ccc,positive
01408c29ba,neutral
bffa3ddd61,negative
5e407e618c,negative
58c1e7aae3,positive
0d663acecc,positive
9b81e91703,positive
ff49f30eb5,positive
ba9eb6a4f4,neutral
7ed0815858,neutral
795de6c2f5,positive
abcb83a4c1,negative
bdee06c65d,positive
69c69a7266,neutral
f9a3783c52,neutral
6bcc426fd4,neutral
5a1fb678df,neutral
c601e8c2d3,negative
762b9211cf,negative
73d64acc7e,negative
f2298f5abb,neutral
a752c288cc,negative
11c10e3fc5,negative
d2196f1f2d,positive
6bebb81892,positive
de55c91013,positive
722ca3ecbb,negative
c4bb3dea6a,negative
f5d5719228,neutral
faaf5f743d,negative
171b4de425,positive
1ddcf18209,positive
23c1478113,negative
350c36af4e,positive
7e9dc861a0,positive
ccc4b470d8,positive
e1ba81c864,neutral
34a6d1804f,positive
699413f564,neutral
3e90b21788,positive
686bde1e35,negative
5c1e9ac72e,neutral
bfddf4f6a2,positive
9fa2760f32,positive
768801365c,neutral
5b00ea0cc0,negative
1149e3a28d,negative
5d56612b5e,negative
d3d5803902,positive
571e371e9c,neutral
c49071c955,positive
2fd6e880d5,neutral
33cb8c2f5f,positive
3223cac096,neutral
400b409439,positive
4942768819,positive
f85be565cb,neutral
55a394aa00,neutral
ff6d7db82a,positive
587e7a8b47,neutral
bf3a55b8e5,negative
ba33e6afea,positive
d83a9addd3,negative
5e12958a9b,negative
e92a3495d6,positive
528ee63138,neutral
5fdef7c874,negative
9ca3b4e1c0,neutral
3f1df1dbcf,positive
71e3f23eee,neutral
de79cc363c,negative
eefa8a0400,neutral
0e1dbb950b,neutral
2535aa208d,neutral
f0d9991831,neutral
d95ff811cd,neutral
6721e006ff,negative
10da9cdaaa,neutral
dce2443f32,neutral
e1f214c374,positive
83ff548fd7,neutral
0766c46c10,negative
7d7b41c60e,neutral
4cfb203834,positive
f8b923bf44,neutral
fbf5fbf656,negative
487622c4ec,positive
6d14b3f8f5,positive
7c08c38000,positive
49f53f5193,neutral
8d4272e7f3,positive
f4d9f0ec9c,negative
d57f0c90dd,neutral
38fe6daabc,negative
3b7a3199db,neutral
b9275fe93e,neutral
1f40da44dc,positive
5f5c162951,neutral
1800b2f4b8,neutral
24d79167f7,neutral
08486ab919,positive
5a6a55d5db,neutral
b8876dfa3e,neutral
55c8976ea9,neutral
23af71b75e,negative
1bfce339c6,neutral
ffb389a42b,neutral
172de1a54a,positive
e1268ad6a9,neutral
48377c4bef,neutral
a74020d356,positive
44e014008b,neutral
51ba52288a,neutral
623458b985,neutral
7d81397f97,neutral
9be8bac148,neutral
e97f80bffd,neutral
f10e631e2d,positive
421944b580,positive
8a21403435,negative
29edd20cfc,negative
70321e5aac,negative
fd0a96e573,positive
683d167ae5,neutral
d7557e3f2a,neutral
277e9491c5,neutral
74f9de64b1,negative
024563776a,neutral
2edfeca43b,neutral
66ed8370d0,neutral
d5641944de,negative
09ceb49173,neutral
f023803c3e,negative
8b98227591,negative
998dde662b,neutral
24220bd19c,neutral
9f292fb9b4,positive
086a1d96ed,negative
8607d4de1a,neutral
f5e9c40e2c,neutral
3da251fc87,negative
64e61bb5ba,negative
53e2062566,negative
3d9bc6b4da,neutral
2b844ea2f4,neutral
a068b95bd9,neutral
22a795f188,neutral
3e8c2cef56,negative
ab39587efb,positive
db029574b8,positive
7b58377103,neutral
e952febbbe,neutral
0852733366,neutral
008c725d0d,neutral
10030773a0,neutral
cc0c768721,positive
e586cda4d8,neutral
e9fdfb3211,neutral
eeceb988d6,negative
78864e96c0,neutral
2a19100ada,neutral
fc61517442,positive
cae8182ef8,neutral
27f2eba598,positive
d3421437b2,neutral
270aa8873d,negative
601c948e54,neutral
8911f77bb8,neutral
c7d5ed4542,neutral
0c652afe64,neutral
43a0aad9f3,neutral
cfe3ce1a0b,positive
5005a4b56b,negative
c91e758d31,negative
7c26a466b6,negative
672b861395,negative
f9af6df98e,neutral
dc72c91fa5,neutral
92cd56b103,negative
e14df90efb,negative
cf9ad4a6d7,neutral
887ec35b43,neutral
40031960a7,negative
aaccbfe221,negative
bfb9ab3737,positive
a41b4ae0e7,negative
9e7e3d0a5b,neutral
3d3f95b048,positive
5dc1d78656,positive
2a565ec554,neutral
60aada6ba3,neutral
30e84b01a0,positive
30e7601bce,positive
78fad5b5b0,positive
07d17131b1,neutral
3a70785fec,neutral
cfff74d6a3,neutral
7c40b42c62,neutral
b688241557,neutral
f284612489,positive
5e703835c2,positive
09cac4f4cb,neutral
283a8993a6,positive
176e5e5aea,neutral
4c822b82fb,negative
a05c646bc1,neutral
b094214bd0,positive
39c477c98e,positive
78bfe50327,neutral
9c4cd1e436,positive
795d2ec684,negative
78e0057a31,negative
a05b20af47,neutral
f15b9929d6,positive
57721b67b0,positive
2ddda5cb20,negative
a2fb6bdb96,neutral
1b964555f4,negative
bb73d74fe9,positive
6819873075,negative
ea1073bd4e,neutral
528c690acd,neutral
5c4d6763ef,positive
ed9674d53d,positive
fc0291bc62,neutral
8a582077b8,negative
d5129ddff9,neutral
18d3109614,neutral
3bfc997081,neutral
deb1798a0a,positive
8075799275,neutral
b8a74f424b,positive
200a6a20e1,neutral
f525ee705b,positive
9c4cb77ab8,neutral
323aad8e73,positive
3e73b119d8,negative
01f3b75b69,negative
3a716b7e49,negative
5dd521a5d8,negative
a24a95ffed,negative
3c6d0e8b6a,positive
20f31539f4,negative
a0414ae0e5,negative
1503318633,negative
db306eddc4,positive
2c570c2fb3,positive
0565af554d,positive
0783390c8c,positive
00248197c5,neutral
d611e1de10,negative
04e63e480d,positive
e5d82ac202,neutral
03fde76ca1,neutral
fe6301dd3a,negative
9d35babf8a,neutral
650767b90f,neutral
68df9d2478,negative
b565d92d2c,negative
7c6d4f8a3a,neutral
44e6dbd2ce,negative
91b14afafd,neutral
7a659d6f9c,positive
2b12e30b49,neutral
63975d7559,negative
5178ae8052,negative
894740e279,positive
14fe6188f0,neutral
b58a92fe10,neutral
65a6dfa4e4,positive
886e67eee9,negative
04bbce0abc,positive
d34968a348,neutral
595b764513,neutral
7ea3de2b8f,positive
1c279637ef,positive
8fad6df5db,negative
148853c4d0,negative
4b90e7fb69,negative
e4944a82ed,neutral
2463ad77e1,positive
04d47599ad,positive
8e6b7e6a01,positive
c01b398556,negative
d55d1de4e0,neutral
983fd7ffdc,negative
7c9df630ad,negative
34022c6e5f,positive
95f88bb707,positive
812829bbb2,neutral
3cbd7d0dd0,neutral
98ff5a440e,positive
b3a07eb482,neutral
d70a4f91db,positive
0bb63d09a5,neutral
b65fff362b,neutral
cd99aec1e1,neutral
cb58dffb3d,neutral
505b9964bd,negative
02d37daec5,neutral
a646023619,positive
216e541532,negative
de24cf3a67,positive
431ac1c6cd,neutral
e70cd5baab,negative
3f5433f8a0,positive
c76ef2a7e5,positive
4dafa796c5,positive
15a028bd00,neutral
da9e7cabbc,neutral
de241b8d04,neutral
14c67c535b,negative
ba4854e88c,positive
0e2ad201ce,positive
1e7b0c1a1b,neutral
1211a1d91f,negative
3bcc9762c5,neutral
f3ed4162b7,negative
032e865dc7,neutral
cf240ef11f,neutral
1bf63f87e7,neutral
adb7ab12f3,neutral
ba80e8f8ec,negative
61b52fa68c,positive
092f5873c0,positive
e9e535e13b,negative
6e3eca51b2,neutral
59e971682c,negative
30e944805f,neutral
247091d3d7,negative
3daf69accb,negative
c2c64bddac,negative
59f71ab95c,positive
98b7454eb3,neutral
7b153dd5d7,negative
e1966420eb,positive
42475c6f02,neutral
33b882a78f,neutral
375b64de34,negative
7192534747,neutral
9ac84d82e2,positive
de03f3c2e2,negative
b04bbb81c9,neutral
ca5be5da8b,neutral
abe70f648c,positive
7be17ce45f,neutral
f51e6e361e,positive
28e5cd7e7e,neutral
f8539750b8,negative
aad49b007b,positive
1f6f2bec76,positive
ba9467d823,positive
4ba5995598,negative
62bf1999ab,neutral
9704a523af,neutral
6601679901,negative
35e2ce08fc,neutral
56b9191817,positive
b1dd0880a8,negative
e8ffe60ca2,neutral
8363ae25ca,negative
97f08b57e1,neutral
adc4306cdb,neutral
8c165956ef,neutral
01531ef92b,positive
44a3a1b83b,neutral
c736b32428,positive
6e88d0b660,neutral
bff3d9b8f0,positive
ee0d5790a6,positive
074d3c7768,neutral
bfb746be3e,positive
ad87930178,positive
9485357290,negative
0cdfa00a5a,neutral
a6e318ec0d,negative
2469ef546d,positive
feec8aa27b,positive
dadd9231b5,negative
8962a31bde,neutral
90f3d2b572,positive
1f723aaa9f,neutral
4d771b1c6c,neutral
22a87f2ca8,negative
57510fa13f,positive
ae9dd31756,positive
564abc387f,positive
4828f724e8,neutral
7e5b8f0e67,positive
8d02834ae5,neutral
5036147803,positive
025e320308,neutral
8447a5d54f,positive
aa1c6537f7,negative
bda2ce839a,positive
2ab3eaaa46,positive
1ca92c5dea,neutral
d7da93248c,negative
653104654e,positive
c0ce3aaf89,negative
5e3518ab07,neutral
fac9090806,negative
5c8339ce76,neutral
05bf47e142,neutral
10c23a0f46,positive
a8b2b7feee,neutral
57ee2b83db,negative
010f0d489a,positive
bb2aa8156f,positive
f2810a559c,positive
13e57846a6,neutral
95a71a0799,neutral
2b4185c7cc,neutral
3db09b9c24,positive
20368bbb0c,neutral
c994907abb,neutral
a484446fa8,neutral
baa0a17c15,positive
52ca74468a,negative
318a0357db,neutral
46d631c295,negative
f3e5658161,positive
e2b643dd95,positive
b68e793f47,neutral
e68742dc7f,neutral
4ff8b3efb4,neutral
52fa3df35b,positive
9635978e94,positive
ab2c0d3294,neutral
090997a993,positive
fc53ee0408,negative
37fa1cef8f,positive
b08964cf19,negative
baa33af290,neutral
ca7818818f,positive
c9aadfab6b,positive
c6c95e927d,negative
a3ab91fe4e,positive
095bbadf62,positive
15c9e14862,positive
08ed671f9f,negative
85023b760b,neutral
b94c617c08,neutral
4253283c75,positive
3a9280227d,positive
7f1f6cb007,neutral
b1dbed61d8,neutral
afa0a630c4,positive
e458e70097,neutral
06d2f79c2a,positive
e5cf6ef2b5,neutral
9c89836823,neutral
c81f565d27,neutral
c57873a1b0,neutral
35077e3bfc,neutral
b06ffbc598,neutral
336d79d2d0,positive
1414efeca4,neutral
713242726f,neutral
95d0ad2e17,neutral
e5f20382af,neutral
511521855b,negative
4dd72d3713,negative
22a8a4639e,negative
0d7d9bc394,positive
3848e03ac5,neutral
d5233b3fc4,positive
a25ccacef6,positive
0f85b260b4,positive
d30d2b9e01,positive
fb61226c5e,positive
7c099b8f76,neutral
bad43ec3f4,positive
d3faf04396,neutral
e4e4b4662c,neutral
119bbd840c,positive
8e79befc22,positive
d29aacc63f,negative
5187b0c54e,negative
14d71b9665,neutral
2ed4a4d1c2,neutral
11172b19df,neutral
b7c1f7dac2,neutral
6d09c8576b,negative
3e56c631c0,neutral
a54b603ac4,neutral
02aacdcb65,negative
d1bfbef7f2,neutral
e86275435d,negative
aaee08f683,neutral
7719118f71,negative
f0ef2e142d,neutral
677a1e2692,neutral
937a0e0cfa,neutral
2426b87d1a,neutral
ad9ed9c5e9,negative
4e2b8aa814,positive
1307cc3ab9,positive
0d6f4d55af,negative
b35f6a7408,neutral
9f0e28a438,negative
6e44cb034a,neutral
9ef7c50e83,neutral
bd6b984f76,positive
592bff4a07,positive
a67d82b862,negative
b83cfda047,neutral
4c9c34d336,neutral
f46c7b4865,neutral
4769d6feb4,neutral
7c3c9b0009,neutral
f178273088,negative
e79c136fcb,neutral
3627f662b9,positive
79337a7309,positive
2fc866059e,neutral
39168d7e12,positive
b69495190a,negative
9fce0ac9cf,negative
df783bff1f,negative
bcbff1c073,positive
a5393bcaec,positive
60d0bb5840,negative
5e0a8390d1,negative
e302d9c2ac,positive
c757d2ef17,positive
531fe402e7,neutral
a907e85507,neutral
8893a30da7,neutral
0bd03a386c,neutral
d5d8969cec,positive
56b6fd6b1a,neutral
f9e3ad266c,positive
2e3afc2394,negative
32d3c38b8e,negative
a0216fc825,neutral
5b841b5af1,neutral
f9950b5b6b,positive
0d9de8b085,negative
e2f0cd4a0e,negative
9033b9a61a,positive
72f03c778c,neutral
98030f65f7,positive
7f4c0feb6f,neutral
a343a74b07,negative
170874d02b,neutral
9b5acf25d6,neutral
126fe57139,neutral
2302dea5a0,neutral
57eb23af61,positive
dd763b50ae,neutral
9ae5678122,negative
a30ac6968d,neutral
67aa37e0aa,positive
78458c5a51,positive
2a7f29502f,positive
568a49ab00,neutral
45d99f1c41,positive
80a97f2da4,neutral
b63ed6da62,neutral
59d23b3db7,neutral
0fcb7c107c,positive
755b099d60,positive
6416bec5a1,positive
a7926a8506,negative
f1249e2218,positive
a14c57c2aa,neutral
c94e19633a,positive
fe1b3235db,neutral
69b587d70a,neutral
e1253c578b,positive
d32d55433a,neutral
beec54f5a1,neutral
584ed4d88e,negative
a329b14fec,neutral
247e9c28a5,positive
d290b62835,neutral
7c2724ae24,positive
118850b843,negative
47dc43ade2,neutral
954c2fd36e,neutral
93b0bf18ce,negative
029bb4b8c1,negative
2823b638c9,positive
b6c0001c04,negative
43afc1a3c9,negative
a472edc463,positive
d434354e51,neutral
ab0de04793,negative
46104a21de,neutral
cfab7a12da,positive
3fb8232118,neutral
0c76360da8,negative
f28b43561c,neutral
e61d64740e,neutral
6b51e69aa9,neutral
